id,coordinates,Start_Date,End_Date
269537,"[[[-5.0, 36.0], [3.0, 36.0], [3.0, 41.0], [-5.0, 41.0], [-5.0, 36.0]]]",-30.0,640.0
269538,"[[[-5.0, 36.0], [3.0, 36.0], [3.0, 41.0], [-5.0, 41.0], [-5.0, 36.0]]]",-30.0,640.0
269539,"[[[-5.0, 36.0], [3.0, 36.0], [3.0, 41.0], [-5.0, 41.0], [-5.0, 36.0]]]",-30.0,640.0
269540,"[[[-5.0, 36.0], [3.0, 36.0], [3.0, 41.0], [-5.0, 41.0], [-5.0, 36.0]]]",-30.0,640.0
269541,"[[[-5.0, 36.0], [3.0, 36.0], [3.0, 41.0], [-5.0, 41.0], [-5.0, 36.0]]]",-330.0,640.0
269542,"[[[-5.0, 36.0], [3.0, 36.0], [3.0, 41.0], [-5.0, 41.0], [-5.0, 36.0]]]",-330.0,640.0
269543,"[[[-5.0, 36.0], [3.0, 36.0], [3.0, 41.0], [-5.0, 41.0], [-5.0, 36.0]]]",-30.0,640.0
269544,"[[[-5.0, 36.0], [3.0, 36.0], [3.0, 41.0], [-5.0, 41.0], [-5.0, 36.0]]]",-330.0,300.0
269545,"[[[-5.0, 36.0], [3.0, 36.0], [3.0, 41.0], [-5.0, 41.0], [-5.0, 36.0]]]",-330.0,640.0
269546,"[[[-5.0, 36.0], [3.0, 36.0], [3.0, 41.0], [-5.0, 41.0], [-5.0, 36.0]]]",-30.0,640.0
269547,"[[[-5.0, 36.0], [3.0, 36.0], [3.0, 41.0], [-5.0, 41.0], [-5.0, 36.0]]]",-30.0,640.0
269548,"[[[-5.0, 36.0], [3.0, 36.0], [3.0, 41.0], [-5.0, 41.0], [-5.0, 36.0]]]",-30.0,640.0
269549,"[[[-5.0, 36.0], [3.0, 36.0], [3.0, 41.0], [-5.0, 41.0], [-5.0, 36.0]]]",-30.0,640.0
269550,"[[[-5.0, 36.0], [3.0, 36.0], [3.0, 41.0], [-5.0, 41.0], [-5.0, 36.0]]]",-30.0,640.0
269551,"[[[-5.0, 36.0], [3.0, 36.0], [3.0, 41.0], [-5.0, 41.0], [-5.0, 36.0]]]",-30.0,640.0
269552,"[[[-5.0, 36.0], [3.0, 36.0], [3.0, 41.0], [-5.0, 41.0], [-5.0, 36.0]]]",-30.0,640.0
269553,"[[[-5.0, 36.0], [3.0, 36.0], [3.0, 41.0], [-5.0, 41.0], [-5.0, 36.0]]]",-30.0,640.0
269554,"[[[-5.0, 36.0], [3.0, 36.0], [3.0, 41.0], [-5.0, 41.0], [-5.0, 36.0]]]",-330.0,300.0
269555,"[[[-5.0, 36.0], [3.0, 36.0], [3.0, 41.0], [-5.0, 41.0], [-5.0, 36.0]]]",-330.0,300.0
269556,"[[[-5.0, 36.0], [3.0, 36.0], [3.0, 41.0], [-5.0, 41.0], [-5.0, 36.0]]]",-30.0,640.0
269557,"[[[-5.0, 36.0], [3.0, 36.0], [3.0, 41.0], [-5.0, 41.0], [-5.0, 36.0]]]",-30.0,640.0
269558,"[[[-5.0, 36.0], [3.0, 36.0], [3.0, 41.0], [-5.0, 41.0], [-5.0, 36.0]]]",-330.0,640.0
269559,"[[[-5.0, 36.0], [3.0, 36.0], [3.0, 41.0], [-5.0, 41.0], [-5.0, 36.0]]]",-30.0,640.0
269560,"[[[-5.0, 36.0], [3.0, 36.0], [3.0, 41.0], [-5.0, 41.0], [-5.0, 36.0]]]",-30.0,640.0
269561,"[[[-5.0, 36.0], [3.0, 36.0], [3.0, 41.0], [-5.0, 41.0], [-5.0, 36.0]]]",-330.0,300.0
269562,"[[[-5.0, 36.0], [3.0, 36.0], [3.0, 41.0], [-5.0, 41.0], [-5.0, 36.0]]]",-30.0,640.0
269563,"[[[-5.0, 36.0], [3.0, 36.0], [3.0, 41.0], [-5.0, 41.0], [-5.0, 36.0]]]",-30.0,640.0
269564,"[[[-5.0, 36.0], [3.0, 36.0], [3.0, 41.0], [-5.0, 41.0], [-5.0, 36.0]]]",-30.0,640.0
277087,"[[[-7.0, 33.0], [-4.0, 33.0], [-4.0, 36.5], [-7.0, 36.5], [-7.0, 33.0]]]",-30.0,640.0
277088,"[[[-7.0, 33.0], [-4.0, 33.0], [-4.0, 36.5], [-7.0, 36.5], [-7.0, 33.0]]]",-30.0,640.0
277089,"[[[-7.0, 33.0], [-4.0, 33.0], [-4.0, 36.5], [-7.0, 36.5], [-7.0, 33.0]]]",-30.0,640.0
277090,"[[[-7.0, 33.0], [-4.0, 33.0], [-4.0, 36.5], [-7.0, 36.5], [-7.0, 33.0]]]",-30.0,640.0
277091,"[[[-7.0, 33.0], [-4.0, 33.0], [-4.0, 36.5], [-7.0, 36.5], [-7.0, 33.0]]]",-30.0,640.0
277092,"[[[-7.0, 33.0], [-4.0, 33.0], [-4.0, 36.5], [-7.0, 36.5], [-7.0, 33.0]]]",-30.0,640.0
277093,"[[[-7.0, 33.0], [-4.0, 33.0], [-4.0, 36.5], [-7.0, 36.5], [-7.0, 33.0]]]",-30.0,640.0
277094,"[[[-7.0, 33.0], [-4.0, 33.0], [-4.0, 36.5], [-7.0, 36.5], [-7.0, 33.0]]]",-30.0,640.0
277095,"[[[-7.0, 33.0], [-4.0, 33.0], [-4.0, 36.5], [-7.0, 36.5], [-7.0, 33.0]]]",-30.0,640.0
289167,"[[[-5.0, 32.0], [3.0, 32.0], [3.0, 36.0], [-5.0, 36.0], [-5.0, 32.0]]]",-30.0,640.0
289168,"[[[-5.0, 32.0], [3.0, 32.0], [3.0, 36.0], [-5.0, 36.0], [-5.0, 32.0]]]",-30.0,640.0
289169,"[[[-5.0, 32.0], [3.0, 32.0], [3.0, 36.0], [-5.0, 36.0], [-5.0, 32.0]]]",-30.0,640.0
289170,"[[[-5.0, 32.0], [3.0, 32.0], [3.0, 36.0], [-5.0, 36.0], [-5.0, 32.0]]]",-30.0,300.0
289171,"[[[-5.0, 32.0], [3.0, 32.0], [3.0, 36.0], [-5.0, 36.0], [-5.0, 32.0]]]",-30.0,640.0
289172,"[[[-5.0, 32.0], [3.0, 32.0], [3.0, 36.0], [-5.0, 36.0], [-5.0, 32.0]]]",-30.0,640.0
289173,"[[[-5.0, 32.0], [3.0, 32.0], [3.0, 36.0], [-5.0, 36.0], [-5.0, 32.0]]]",-30.0,640.0
289174,"[[[-5.0, 32.0], [3.0, 32.0], [3.0, 36.0], [-5.0, 36.0], [-5.0, 32.0]]]",-30.0,640.0
289175,"[[[-5.0, 32.0], [3.0, 32.0], [3.0, 36.0], [-5.0, 36.0], [-5.0, 32.0]]]",-30.0,640.0
289176,"[[[-5.0, 32.0], [3.0, 32.0], [3.0, 36.0], [-5.0, 36.0], [-5.0, 32.0]]]",-30.0,640.0
289177,"[[[-5.0, 32.0], [3.0, 32.0], [3.0, 36.0], [-5.0, 36.0], [-5.0, 32.0]]]",-30.0,640.0
289178,"[[[-5.0, 32.0], [3.0, 32.0], [3.0, 36.0], [-5.0, 36.0], [-5.0, 32.0]]]",-30.0,640.0
289179,"[[[-5.0, 32.0], [3.0, 32.0], [3.0, 36.0], [-5.0, 36.0], [-5.0, 32.0]]]",-30.0,640.0
267702571,"[[12.4918062, 41.8863265], [12.4912137, 41.8864011], [12.4906341, 41.8864422]]",1700.0,2100.0
141187,"[[[-5.0, 44.0], [4.0, 44.0], [4.0, 48.0], [-5.0, 48.0], [-5.0, 44.0]]]",-30.0,640.0
141188,"[[[-5.0, 44.0], [4.0, 44.0], [4.0, 48.0], [-5.0, 48.0], [-5.0, 44.0]]]",-30.0,640.0
141189,"[[[-5.0, 44.0], [4.0, 44.0], [4.0, 48.0], [-5.0, 48.0], [-5.0, 44.0]]]",-30.0,640.0
141190,"[[[-5.0, 44.0], [4.0, 44.0], [4.0, 48.0], [-5.0, 48.0], [-5.0, 44.0]]]",-30.0,640.0
141191,"[[[-5.0, 44.0], [4.0, 44.0], [4.0, 48.0], [-5.0, 48.0], [-5.0, 44.0]]]",-30.0,640.0
141192,"[[[-5.0, 44.0], [4.0, 44.0], [4.0, 48.0], [-5.0, 48.0], [-5.0, 44.0]]]",-30.0,640.0
141193,"[[[-5.0, 44.0], [4.0, 44.0], [4.0, 48.0], [-5.0, 48.0], [-5.0, 44.0]]]",-30.0,640.0
141194,"[[[-5.0, 44.0], [4.0, 44.0], [4.0, 48.0], [-5.0, 48.0], [-5.0, 44.0]]]",-30.0,640.0
141195,"[[[-5.0, 44.0], [4.0, 44.0], [4.0, 48.0], [-5.0, 48.0], [-5.0, 44.0]]]",-30.0,640.0
141196,"[[[-5.0, 44.0], [4.0, 44.0], [4.0, 48.0], [-5.0, 48.0], [-5.0, 44.0]]]",-30.0,640.0
141197,"[[[-5.0, 44.0], [4.0, 44.0], [4.0, 48.0], [-5.0, 48.0], [-5.0, 44.0]]]",-30.0,640.0
141198,"[[[-5.0, 44.0], [4.0, 44.0], [4.0, 48.0], [-5.0, 48.0], [-5.0, 44.0]]]",-30.0,640.0
141199,"[[[-5.0, 44.0], [4.0, 44.0], [4.0, 48.0], [-5.0, 48.0], [-5.0, 44.0]]]",-30.0,640.0
141200,"[[[-5.0, 44.0], [4.0, 44.0], [4.0, 48.0], [-5.0, 48.0], [-5.0, 44.0]]]",-30.0,640.0
141201,"[[[-5.0, 44.0], [4.0, 44.0], [4.0, 48.0], [-5.0, 48.0], [-5.0, 44.0]]]",-30.0,640.0
141202,"[[[-5.0, 44.0], [4.0, 44.0], [4.0, 48.0], [-5.0, 48.0], [-5.0, 44.0]]]",-30.0,640.0
141203,"[[[-5.0, 44.0], [4.0, 44.0], [4.0, 48.0], [-5.0, 48.0], [-5.0, 44.0]]]",-30.0,640.0
141204,"[[[-5.0, 44.0], [4.0, 44.0], [4.0, 48.0], [-5.0, 48.0], [-5.0, 44.0]]]",-30.0,640.0
141205,"[[[-5.0, 44.0], [4.0, 44.0], [4.0, 48.0], [-5.0, 48.0], [-5.0, 44.0]]]",-30.0,640.0
141206,"[[[-5.0, 44.0], [4.0, 44.0], [4.0, 48.0], [-5.0, 48.0], [-5.0, 44.0]]]",-30.0,640.0
141207,"[[[-5.0, 44.0], [4.0, 44.0], [4.0, 48.0], [-5.0, 48.0], [-5.0, 44.0]]]",-30.0,640.0
141208,"[[[-5.0, 44.0], [4.0, 44.0], [4.0, 48.0], [-5.0, 48.0], [-5.0, 44.0]]]",-30.0,640.0
141209,"[[[-5.0, 44.0], [4.0, 44.0], [4.0, 48.0], [-5.0, 48.0], [-5.0, 44.0]]]",-30.0,640.0
141210,"[[[-5.0, 44.0], [4.0, 44.0], [4.0, 48.0], [-5.0, 48.0], [-5.0, 44.0]]]",-30.0,640.0
141211,"[[[-5.0, 44.0], [4.0, 44.0], [4.0, 48.0], [-5.0, 48.0], [-5.0, 44.0]]]",-30.0,640.0
141212,"[[[-5.0, 44.0], [4.0, 44.0], [4.0, 48.0], [-5.0, 48.0], [-5.0, 44.0]]]",-30.0,640.0
141213,"[[[-5.0, 44.0], [4.0, 44.0], [4.0, 48.0], [-5.0, 48.0], [-5.0, 44.0]]]",-30.0,640.0
141214,"[[[-5.0, 44.0], [4.0, 44.0], [4.0, 48.0], [-5.0, 48.0], [-5.0, 44.0]]]",-30.0,640.0
141215,"[[[-5.0, 44.0], [4.0, 44.0], [4.0, 48.0], [-5.0, 48.0], [-5.0, 44.0]]]",-30.0,640.0
141216,"[[[-5.0, 44.0], [4.0, 44.0], [4.0, 48.0], [-5.0, 48.0], [-5.0, 44.0]]]",-30.0,640.0
141217,"[[[-5.0, 44.0], [4.0, 44.0], [4.0, 48.0], [-5.0, 48.0], [-5.0, 44.0]]]",-30.0,640.0
90602,"[[[-7.0, 53.0], [1.0, 53.0], [1.0, 60.0], [-7.0, 60.0], [-7.0, 53.0]]]",-30.0,640.0
90603,"[[[-7.0, 53.0], [1.0, 53.0], [1.0, 60.0], [-7.0, 60.0], [-7.0, 53.0]]]",-30.0,300.0
348068,"[[[8.0, 30.0], [16.0, 30.0], [16.0, 34.0], [8.0, 34.0], [8.0, 30.0]]]",-30.0,640.0
348069,"[[[8.0, 30.0], [16.0, 30.0], [16.0, 34.0], [8.0, 34.0], [8.0, 30.0]]]",-330.0,640.0
348070,"[[[8.0, 30.0], [16.0, 30.0], [16.0, 34.0], [8.0, 34.0], [8.0, 30.0]]]",-30.0,300.0
348071,"[[[8.0, 30.0], [16.0, 30.0], [16.0, 34.0], [8.0, 34.0], [8.0, 30.0]]]",-30.0,640.0
348072,"[[[8.0, 30.0], [16.0, 30.0], [16.0, 34.0], [8.0, 34.0], [8.0, 30.0]]]",-30.0,300.0
348073,"[[[8.0, 30.0], [16.0, 30.0], [16.0, 34.0], [8.0, 34.0], [8.0, 30.0]]]",-30.0,640.0
364667,"[[[15.0, 29.0], [21.0, 29.0], [21.0, 32.0], [15.0, 32.0], [15.0, 29.0]]]",-330.0,640.0
364668,"[[[15.0, 29.0], [21.0, 29.0], [21.0, 32.0], [15.0, 32.0], [15.0, 29.0]]]",-30.0,640.0
364669,"[[[15.0, 29.0], [21.0, 29.0], [21.0, 32.0], [15.0, 32.0], [15.0, 29.0]]]",-30.0,300.0
364670,"[[[15.0, 29.0], [21.0, 29.0], [21.0, 32.0], [15.0, 32.0], [15.0, 29.0]]]",-30.0,640.0
364671,"[[[15.0, 29.0], [21.0, 29.0], [21.0, 32.0], [15.0, 32.0], [15.0, 29.0]]]",-30.0,640.0
364672,"[[[15.0, 29.0], [21.0, 29.0], [21.0, 32.0], [15.0, 32.0], [15.0, 29.0]]]",-30.0,300.0
364673,"[[[15.0, 29.0], [21.0, 29.0], [21.0, 32.0], [15.0, 32.0], [15.0, 29.0]]]",-30.0,300.0
364674,"[[[15.0, 29.0], [21.0, 29.0], [21.0, 32.0], [15.0, 32.0], [15.0, 29.0]]]",-30.0,300.0
375992,"[[[19.0, 29.0], [24.0, 29.0], [24.0, 33.0], [19.0, 33.0], [19.0, 29.0]]]",-550.0,640.0
375993,"[[[19.0, 29.0], [24.0, 29.0], [24.0, 33.0], [19.0, 33.0], [19.0, 29.0]]]",-30.0,640.0
375994,"[[[19.0, 29.0], [24.0, 29.0], [24.0, 33.0], [19.0, 33.0], [19.0, 29.0]]]",-30.0,640.0
375995,"[[[19.0, 29.0], [24.0, 29.0], [24.0, 33.0], [19.0, 33.0], [19.0, 29.0]]]",-750.0,640.0
375996,"[[[19.0, 29.0], [24.0, 29.0], [24.0, 33.0], [19.0, 33.0], [19.0, 29.0]]]",-30.0,640.0
375998,"[[[19.0, 29.0], [24.0, 29.0], [24.0, 33.0], [19.0, 33.0], [19.0, 29.0]]]",-750.0,640.0
375999,"[[[19.0, 29.0], [24.0, 29.0], [24.0, 33.0], [19.0, 33.0], [19.0, 29.0]]]",-30.0,640.0
376000,"[[[19.0, 29.0], [24.0, 29.0], [24.0, 33.0], [19.0, 33.0], [19.0, 29.0]]]",-30.0,640.0
376001,"[[[19.0, 29.0], [24.0, 29.0], [24.0, 33.0], [19.0, 33.0], [19.0, 29.0]]]",-750.0,640.0
376002,"[[[19.0, 29.0], [24.0, 29.0], [24.0, 33.0], [19.0, 33.0], [19.0, 29.0]]]",-750.0,640.0
376003,"[[[19.0, 29.0], [24.0, 29.0], [24.0, 33.0], [19.0, 33.0], [19.0, 29.0]]]",-30.0,640.0
376004,"[[[19.0, 29.0], [24.0, 29.0], [24.0, 33.0], [19.0, 33.0], [19.0, 29.0]]]",-30.0,640.0
376005,"[[[19.0, 29.0], [24.0, 29.0], [24.0, 33.0], [19.0, 33.0], [19.0, 29.0]]]",-30.0,640.0
376006,"[[[19.0, 29.0], [24.0, 29.0], [24.0, 33.0], [19.0, 33.0], [19.0, 29.0]]]",-30.0,640.0
376007,"[[[19.0, 29.0], [24.0, 29.0], [24.0, 33.0], [19.0, 33.0], [19.0, 29.0]]]",-30.0,640.0
376008,"[[[19.0, 29.0], [24.0, 29.0], [24.0, 33.0], [19.0, 33.0], [19.0, 29.0]]]",-330.0,640.0
376009,"[[[19.0, 29.0], [24.0, 29.0], [24.0, 33.0], [19.0, 33.0], [19.0, 29.0]]]",-550.0,640.0
376010,"[[[19.0, 29.0], [24.0, 29.0], [24.0, 33.0], [19.0, 33.0], [19.0, 29.0]]]",-550.0,640.0
376011,"[[[19.0, 29.0], [24.0, 29.0], [24.0, 33.0], [19.0, 33.0], [19.0, 29.0]]]",-30.0,640.0
376012,"[[[19.0, 29.0], [24.0, 29.0], [24.0, 33.0], [19.0, 33.0], [19.0, 29.0]]]",-30.0,640.0
376013,"[[[19.0, 29.0], [24.0, 29.0], [24.0, 33.0], [19.0, 33.0], [19.0, 29.0]]]",-750.0,640.0
552662,"[[[25.0, 38.0], [29.0, 38.0], [29.0, 40.5], [25.0, 40.5], [25.0, 38.0]]]",-30.0,640.0
552663,"[[[25.0, 38.0], [29.0, 38.0], [29.0, 40.5], [25.0, 40.5], [25.0, 38.0]]]",-30.0,640.0
552664,"[[[25.0, 38.0], [29.0, 38.0], [29.0, 40.5], [25.0, 40.5], [25.0, 38.0]]]",-30.0,640.0
552665,"[[[25.0, 38.0], [29.0, 38.0], [29.0, 40.5], [25.0, 40.5], [25.0, 38.0]]]",-30.0,640.0
552666,"[[[25.0, 38.0], [29.0, 38.0], [29.0, 40.5], [25.0, 40.5], [25.0, 38.0]]]",-30.0,640.0
552667,"[[[25.0, 38.0], [29.0, 38.0], [29.0, 40.5], [25.0, 40.5], [25.0, 38.0]]]",-30.0,640.0
552668,"[[[25.0, 38.0], [29.0, 38.0], [29.0, 40.5], [25.0, 40.5], [25.0, 38.0]]]",-30.0,640.0
552669,"[[[25.0, 38.0], [29.0, 38.0], [29.0, 40.5], [25.0, 40.5], [25.0, 38.0]]]",-30.0,640.0
552670,"[[[25.0, 38.0], [29.0, 38.0], [29.0, 40.5], [25.0, 40.5], [25.0, 38.0]]]",-30.0,640.0
552671,"[[[25.0, 38.0], [29.0, 38.0], [29.0, 40.5], [25.0, 40.5], [25.0, 38.0]]]",-30.0,640.0
552672,"[[[25.0, 38.0], [29.0, 38.0], [29.0, 40.5], [25.0, 40.5], [25.0, 38.0]]]",-30.0,640.0
552673,"[[[25.0, 38.0], [29.0, 38.0], [29.0, 40.5], [25.0, 40.5], [25.0, 38.0]]]",-30.0,640.0
552674,"[[[25.0, 38.0], [29.0, 38.0], [29.0, 40.5], [25.0, 40.5], [25.0, 38.0]]]",-30.0,640.0
552675,"[[[25.0, 38.0], [29.0, 38.0], [29.0, 40.5], [25.0, 40.5], [25.0, 38.0]]]",-30.0,640.0
552676,"[[[25.0, 38.0], [29.0, 38.0], [29.0, 40.5], [25.0, 40.5], [25.0, 38.0]]]",-30.0,640.0
552677,"[[[25.0, 38.0], [29.0, 38.0], [29.0, 40.5], [25.0, 40.5], [25.0, 38.0]]]",-30.0,640.0
552678,"[[[25.0, 38.0], [29.0, 38.0], [29.0, 40.5], [25.0, 40.5], [25.0, 38.0]]]",-550.0,-330.0
552680,"[[[25.0, 38.0], [29.0, 38.0], [29.0, 40.5], [25.0, 40.5], [25.0, 38.0]]]",-30.0,640.0
552681,"[[[25.0, 38.0], [29.0, 38.0], [29.0, 40.5], [25.0, 40.5], [25.0, 38.0]]]",-30.0,640.0
552682,"[[[25.0, 38.0], [29.0, 38.0], [29.0, 40.5], [25.0, 40.5], [25.0, 38.0]]]",-30.0,640.0
552683,"[[[25.0, 38.0], [29.0, 38.0], [29.0, 40.5], [25.0, 40.5], [25.0, 38.0]]]",-30.0,640.0
552684,"[[[25.0, 38.0], [29.0, 38.0], [29.0, 40.5], [25.0, 40.5], [25.0, 38.0]]]",-30.0,640.0
552685,"[[[25.0, 38.0], [29.0, 38.0], [29.0, 40.5], [25.0, 40.5], [25.0, 38.0]]]",-30.0,640.0
552686,"[[[25.0, 38.0], [29.0, 38.0], [29.0, 40.5], [25.0, 40.5], [25.0, 38.0]]]",-30.0,640.0
552687,"[[[25.0, 38.0], [29.0, 38.0], [29.0, 40.5], [25.0, 40.5], [25.0, 38.0]]]",-30.0,640.0
570198,"[[[22.5, 37.5], [23.0, 37.5], [23.0, 38.0], [22.5, 38.0], [22.5, 37.5]]]",-750.0,300.0
83052,"[[[-7.0, 49.0], [3.0, 49.0], [3.0, 54.0], [-7.0, 54.0], [-7.0, 49.0]]]",-30.0,640.0
83053,"[[[-7.0, 49.0], [3.0, 49.0], [3.0, 54.0], [-7.0, 54.0], [-7.0, 49.0]]]",-30.0,640.0
83054,"[[[-7.0, 49.0], [3.0, 49.0], [3.0, 54.0], [-7.0, 54.0], [-7.0, 49.0]]]",-30.0,640.0
83055,"[[[-7.0, 49.0], [3.0, 49.0], [3.0, 54.0], [-7.0, 54.0], [-7.0, 49.0]]]",-30.0,640.0
83056,"[[[-7.0, 49.0], [3.0, 49.0], [3.0, 54.0], [-7.0, 54.0], [-7.0, 49.0]]]",-30.0,640.0
83057,"[[[-7.0, 49.0], [3.0, 49.0], [3.0, 54.0], [-7.0, 54.0], [-7.0, 49.0]]]",-30.0,640.0
83058,"[[[-7.0, 49.0], [3.0, 49.0], [3.0, 54.0], [-7.0, 54.0], [-7.0, 49.0]]]",-30.0,640.0
83059,"[[[-7.0, 49.0], [3.0, 49.0], [3.0, 54.0], [-7.0, 54.0], [-7.0, 49.0]]]",-30.0,640.0
847112,"[[[30.0, 39.0], [36.0, 39.0], [36.0, 43.0], [30.0, 43.0], [30.0, 39.0]]]",-30.0,640.0
847113,"[[[30.0, 39.0], [36.0, 39.0], [36.0, 43.0], [30.0, 43.0], [30.0, 39.0]]]",-30.0,640.0
847114,"[[[30.0, 39.0], [36.0, 39.0], [36.0, 43.0], [30.0, 43.0], [30.0, 39.0]]]",-30.0,640.0
847115,"[[[30.0, 39.0], [36.0, 39.0], [36.0, 43.0], [30.0, 43.0], [30.0, 39.0]]]",-30.0,640.0
847116,"[[[30.0, 39.0], [36.0, 39.0], [36.0, 43.0], [30.0, 43.0], [30.0, 39.0]]]",-30.0,640.0
847117,"[[[30.0, 39.0], [36.0, 39.0], [36.0, 43.0], [30.0, 43.0], [30.0, 39.0]]]",-330.0,640.0
847118,"[[[30.0, 39.0], [36.0, 39.0], [36.0, 43.0], [30.0, 43.0], [30.0, 39.0]]]",-30.0,640.0
847119,"[[[30.0, 39.0], [36.0, 39.0], [36.0, 43.0], [30.0, 43.0], [30.0, 39.0]]]",-30.0,640.0
847120,"[[[30.0, 39.0], [36.0, 39.0], [36.0, 43.0], [30.0, 43.0], [30.0, 39.0]]]",-30.0,640.0
847121,"[[[30.0, 39.0], [36.0, 39.0], [36.0, 43.0], [30.0, 43.0], [30.0, 39.0]]]",-30.0,300.0
847122,"[[[30.0, 39.0], [36.0, 39.0], [36.0, 43.0], [30.0, 43.0], [30.0, 39.0]]]",-30.0,640.0
621367,"[[[32.0, 38.0], [36.0, 38.0], [36.0, 40.0], [32.0, 40.0], [32.0, 38.0]]]",-30.0,640.0
621368,"[[[32.0, 38.0], [36.0, 38.0], [36.0, 40.0], [32.0, 40.0], [32.0, 38.0]]]",-30.0,640.0
621369,"[[[32.0, 38.0], [36.0, 38.0], [36.0, 40.0], [32.0, 40.0], [32.0, 38.0]]]",-30.0,640.0
621370,"[[[32.0, 38.0], [36.0, 38.0], [36.0, 40.0], [32.0, 40.0], [32.0, 38.0]]]",-30.0,640.0
621371,"[[[32.0, 38.0], [36.0, 38.0], [36.0, 40.0], [32.0, 40.0], [32.0, 38.0]]]",-30.0,640.0
621372,"[[[32.0, 38.0], [36.0, 38.0], [36.0, 40.0], [32.0, 40.0], [32.0, 38.0]]]",-330.0,640.0
621373,"[[[32.0, 38.0], [36.0, 38.0], [36.0, 40.0], [32.0, 40.0], [32.0, 38.0]]]",-30.0,300.0
621374,"[[[32.0, 38.0], [36.0, 38.0], [36.0, 40.0], [32.0, 40.0], [32.0, 38.0]]]",-30.0,640.0
621375,"[[[32.0, 38.0], [36.0, 38.0], [36.0, 40.0], [32.0, 40.0], [32.0, 38.0]]]",-30.0,640.0
621376,"[[[32.0, 38.0], [36.0, 38.0], [36.0, 40.0], [32.0, 40.0], [32.0, 38.0]]]",-30.0,640.0
621377,"[[[32.0, 38.0], [36.0, 38.0], [36.0, 40.0], [32.0, 40.0], [32.0, 38.0]]]",-30.0,640.0
621378,"[[[32.0, 38.0], [36.0, 38.0], [36.0, 40.0], [32.0, 40.0], [32.0, 38.0]]]",-30.0,640.0
621379,"[[[32.0, 38.0], [36.0, 38.0], [36.0, 40.0], [32.0, 40.0], [32.0, 38.0]]]",-330.0,640.0
621380,"[[[32.0, 38.0], [36.0, 38.0], [36.0, 40.0], [32.0, 40.0], [32.0, 38.0]]]",-30.0,640.0
621381,"[[[32.0, 38.0], [36.0, 38.0], [36.0, 40.0], [32.0, 40.0], [32.0, 38.0]]]",-30.0,640.0
621382,"[[[32.0, 38.0], [36.0, 38.0], [36.0, 40.0], [32.0, 40.0], [32.0, 38.0]]]",-30.0,640.0
630427,"[[[35.0, 38.0], [39.5, 38.0], [39.5, 40.0], [35.0, 40.0], [35.0, 38.0]]]",,
630428,"[[[35.0, 38.0], [39.5, 38.0], [39.5, 40.0], [35.0, 40.0], [35.0, 38.0]]]",,
630429,"[[[35.0, 38.0], [39.5, 38.0], [39.5, 40.0], [35.0, 40.0], [35.0, 38.0]]]",,
630430,"[[[35.0, 38.0], [39.5, 38.0], [39.5, 40.0], [35.0, 40.0], [35.0, 38.0]]]",,
630431,"[[[35.0, 38.0], [39.5, 38.0], [39.5, 40.0], [35.0, 40.0], [35.0, 38.0]]]",,
630432,"[[[35.0, 38.0], [39.5, 38.0], [39.5, 40.0], [35.0, 40.0], [35.0, 38.0]]]",,
630433,"[[[35.0, 38.0], [39.5, 38.0], [39.5, 40.0], [35.0, 40.0], [35.0, 38.0]]]",,
630434,"[[[35.0, 38.0], [39.5, 38.0], [39.5, 40.0], [35.0, 40.0], [35.0, 38.0]]]",,
630435,"[[[35.0, 38.0], [39.5, 38.0], [39.5, 40.0], [35.0, 40.0], [35.0, 38.0]]]",,
630436,"[[[35.0, 38.0], [39.5, 38.0], [39.5, 40.0], [35.0, 40.0], [35.0, 38.0]]]",,
630437,"[[[35.0, 38.0], [39.5, 38.0], [39.5, 40.0], [35.0, 40.0], [35.0, 38.0]]]",,
630438,"[[[35.0, 38.0], [39.5, 38.0], [39.5, 40.0], [35.0, 40.0], [35.0, 38.0]]]",,
630439,"[[[35.0, 38.0], [39.5, 38.0], [39.5, 40.0], [35.0, 40.0], [35.0, 38.0]]]",,
630440,"[[[35.0, 38.0], [39.5, 38.0], [39.5, 40.0], [35.0, 40.0], [35.0, 38.0]]]",,
630441,"[[[35.0, 38.0], [39.5, 38.0], [39.5, 40.0], [35.0, 40.0], [35.0, 38.0]]]",,
630442,"[[[35.0, 38.0], [39.5, 38.0], [39.5, 40.0], [35.0, 40.0], [35.0, 38.0]]]",,
630443,"[[[35.0, 38.0], [39.5, 38.0], [39.5, 40.0], [35.0, 40.0], [35.0, 38.0]]]",,
630444,"[[[35.0, 38.0], [39.5, 38.0], [39.5, 40.0], [35.0, 40.0], [35.0, 38.0]]]",,
630445,"[[[35.0, 38.0], [39.5, 38.0], [39.5, 40.0], [35.0, 40.0], [35.0, 38.0]]]",,
640999,"[[[28.5, 36.0], [32.5, 36.0], [32.5, 38.5], [28.5, 38.5], [28.5, 36.0]]]",-30.0,640.0
641000,"[[[28.5, 36.0], [32.5, 36.0], [32.5, 38.5], [28.5, 38.5], [28.5, 36.0]]]",-30.0,640.0
641001,"[[[28.5, 36.0], [32.5, 36.0], [32.5, 38.5], [28.5, 38.5], [28.5, 36.0]]]",-30.0,640.0
641002,"[[[28.5, 36.0], [32.5, 36.0], [32.5, 38.5], [28.5, 38.5], [28.5, 36.0]]]",-30.0,640.0
641003,"[[[28.5, 36.0], [32.5, 36.0], [32.5, 38.5], [28.5, 38.5], [28.5, 36.0]]]",-30.0,640.0
641004,"[[[28.5, 36.0], [32.5, 36.0], [32.5, 38.5], [28.5, 38.5], [28.5, 36.0]]]",-30.0,640.0
641005,"[[[28.5, 36.0], [32.5, 36.0], [32.5, 38.5], [28.5, 38.5], [28.5, 36.0]]]",-30.0,640.0
641006,"[[[28.5, 36.0], [32.5, 36.0], [32.5, 38.5], [28.5, 38.5], [28.5, 36.0]]]",-30.0,640.0
641007,"[[[28.5, 36.0], [32.5, 36.0], [32.5, 38.5], [28.5, 38.5], [28.5, 36.0]]]",-30.0,640.0
641008,"[[[28.5, 36.0], [32.5, 36.0], [32.5, 38.5], [28.5, 38.5], [28.5, 36.0]]]",-30.0,640.0
641009,"[[[28.5, 36.0], [32.5, 36.0], [32.5, 38.5], [28.5, 38.5], [28.5, 36.0]]]",-30.0,640.0
641010,"[[[28.5, 36.0], [32.5, 36.0], [32.5, 38.5], [28.5, 38.5], [28.5, 36.0]]]",-30.0,640.0
641011,"[[[28.5, 36.0], [32.5, 36.0], [32.5, 38.5], [28.5, 38.5], [28.5, 36.0]]]",-30.0,640.0
641012,"[[[28.5, 36.0], [32.5, 36.0], [32.5, 38.5], [28.5, 38.5], [28.5, 36.0]]]",-30.0,640.0
641013,"[[[28.5, 36.0], [32.5, 36.0], [32.5, 38.5], [28.5, 38.5], [28.5, 36.0]]]",-30.0,640.0
641014,"[[[28.5, 36.0], [32.5, 36.0], [32.5, 38.5], [28.5, 38.5], [28.5, 36.0]]]",-30.0,640.0
641015,"[[[28.5, 36.0], [32.5, 36.0], [32.5, 38.5], [28.5, 38.5], [28.5, 36.0]]]",-30.0,640.0
641016,"[[[28.5, 36.0], [32.5, 36.0], [32.5, 38.5], [28.5, 38.5], [28.5, 36.0]]]",-30.0,640.0
641017,"[[[28.5, 36.0], [32.5, 36.0], [32.5, 38.5], [28.5, 38.5], [28.5, 36.0]]]",-30.0,640.0
641018,"[[[28.5, 36.0], [32.5, 36.0], [32.5, 38.5], [28.5, 38.5], [28.5, 36.0]]]",-30.0,640.0
859272,"[[[35.0, 44.5], [37.5, 44.5], [37.5, 46.0], [35.0, 46.0], [35.0, 44.5]]]",-30.0,640.0
859273,"[[[35.0, 44.5], [37.5, 44.5], [37.5, 46.0], [35.0, 46.0], [35.0, 44.5]]]",-30.0,300.0
859274,"[[[35.0, 44.5], [37.5, 44.5], [37.5, 46.0], [35.0, 46.0], [35.0, 44.5]]]",-30.0,640.0
859275,"[[[35.0, 44.5], [37.5, 44.5], [37.5, 46.0], [35.0, 46.0], [35.0, 44.5]]]",-30.0,640.0
859276,"[[[35.0, 44.5], [37.5, 44.5], [37.5, 46.0], [35.0, 46.0], [35.0, 44.5]]]",-30.0,640.0
859277,"[[[35.0, 44.5], [37.5, 44.5], [37.5, 46.0], [35.0, 46.0], [35.0, 44.5]]]",-30.0,640.0
859278,"[[[35.0, 44.5], [37.5, 44.5], [37.5, 46.0], [35.0, 46.0], [35.0, 44.5]]]",-30.0,640.0
859279,"[[[35.0, 44.5], [37.5, 44.5], [37.5, 46.0], [35.0, 46.0], [35.0, 44.5]]]",-30.0,640.0
859280,"[[[35.0, 44.5], [37.5, 44.5], [37.5, 46.0], [35.0, 46.0], [35.0, 44.5]]]",-30.0,640.0
859281,"[[[35.0, 44.5], [37.5, 44.5], [37.5, 46.0], [35.0, 46.0], [35.0, 44.5]]]",-30.0,640.0
859282,"[[[35.0, 44.5], [37.5, 44.5], [37.5, 46.0], [35.0, 46.0], [35.0, 44.5]]]",-30.0,640.0
859283,"[[[35.0, 44.5], [37.5, 44.5], [37.5, 46.0], [35.0, 46.0], [35.0, 44.5]]]",-30.0,640.0
859284,"[[[35.0, 44.5], [37.5, 44.5], [37.5, 46.0], [35.0, 46.0], [35.0, 44.5]]]",-30.0,300.0
859285,"[[[35.0, 44.5], [37.5, 44.5], [37.5, 46.0], [35.0, 46.0], [35.0, 44.5]]]",-30.0,640.0
859286,"[[[35.0, 44.5], [37.5, 44.5], [37.5, 46.0], [35.0, 46.0], [35.0, 44.5]]]",-30.0,640.0
859287,"[[[35.0, 44.5], [37.5, 44.5], [37.5, 46.0], [35.0, 46.0], [35.0, 44.5]]]",-30.0,640.0
859288,"[[[35.0, 44.5], [37.5, 44.5], [37.5, 46.0], [35.0, 46.0], [35.0, 44.5]]]",-30.0,640.0
859289,"[[[35.0, 44.5], [37.5, 44.5], [37.5, 46.0], [35.0, 46.0], [35.0, 44.5]]]",-30.0,640.0
859291,"[[[35.0, 44.5], [37.5, 44.5], [37.5, 46.0], [35.0, 46.0], [35.0, 44.5]]]",-30.0,640.0
859292,"[[[35.0, 44.5], [37.5, 44.5], [37.5, 46.0], [35.0, 46.0], [35.0, 44.5]]]",-30.0,640.0
859293,"[[[35.0, 44.5], [37.5, 44.5], [37.5, 46.0], [35.0, 46.0], [35.0, 44.5]]]",-30.0,640.0
859294,"[[[35.0, 44.5], [37.5, 44.5], [37.5, 46.0], [35.0, 46.0], [35.0, 44.5]]]",-30.0,640.0
859295,"[[[35.0, 44.5], [37.5, 44.5], [37.5, 46.0], [35.0, 46.0], [35.0, 44.5]]]",-30.0,640.0
859296,"[[[35.0, 44.5], [37.5, 44.5], [37.5, 46.0], [35.0, 46.0], [35.0, 44.5]]]",-30.0,300.0
815871562,"[[12.7804751, 43.1042254], [12.7804653, 43.1042113], [12.7804775, 43.1042063], [12.7805115, 43.104255], [12.7805375, 43.1043149], [12.7805471, 43.1044049], [12.7805478, 43.1044244], [12.7805487, 43.1044313], [12.7805699, 43.1044395], [12.7805664, 43.104453], [12.780542, 43.1044492], [12.7805442, 43.1044772], [12.7805461, 43.1045054], [12.7805495, 43.1045171], [12.7805253, 43.1045321], [12.7805182, 43.104532], [12.7805051, 43.1044463], [12.7805079, 43.1043663], [12.7805027, 43.1042933], [12.7804963, 43.104272], [12.7804868, 43.1042544], [12.7804793, 43.1042384], [12.7804751, 43.1042254]]",-30.0,300.0
220462,"[[[23.0, 41.0], [30.0, 41.0], [30.0, 48.0], [23.0, 48.0], [23.0, 41.0]]]",-30.0,300.0
220463,"[[[23.0, 41.0], [30.0, 41.0], [30.0, 48.0], [23.0, 48.0], [23.0, 41.0]]]",-30.0,640.0
220464,"[[[23.0, 41.0], [30.0, 41.0], [30.0, 48.0], [23.0, 48.0], [23.0, 41.0]]]",-30.0,300.0
220465,"[[[23.0, 41.0], [30.0, 41.0], [30.0, 48.0], [23.0, 48.0], [23.0, 41.0]]]",-30.0,300.0
220466,"[[[23.0, 41.0], [30.0, 41.0], [30.0, 48.0], [23.0, 48.0], [23.0, 41.0]]]",-30.0,300.0
220467,"[[[23.0, 41.0], [30.0, 41.0], [30.0, 48.0], [23.0, 48.0], [23.0, 41.0]]]",-30.0,300.0
220468,"[[[23.0, 41.0], [30.0, 41.0], [30.0, 48.0], [23.0, 48.0], [23.0, 41.0]]]",-30.0,300.0
220469,"[[[23.0, 41.0], [30.0, 41.0], [30.0, 48.0], [23.0, 48.0], [23.0, 41.0]]]",-30.0,300.0
220470,"[[[23.0, 41.0], [30.0, 41.0], [30.0, 48.0], [23.0, 48.0], [23.0, 41.0]]]",-30.0,300.0
220471,"[[[23.0, 41.0], [30.0, 41.0], [30.0, 48.0], [23.0, 48.0], [23.0, 41.0]]]",-30.0,640.0
220472,"[[[23.0, 41.0], [30.0, 41.0], [30.0, 48.0], [23.0, 48.0], [23.0, 41.0]]]",-30.0,640.0
220473,"[[[23.0, 41.0], [30.0, 41.0], [30.0, 48.0], [23.0, 48.0], [23.0, 41.0]]]",-30.0,640.0
220474,"[[[23.0, 41.0], [30.0, 41.0], [30.0, 48.0], [23.0, 48.0], [23.0, 41.0]]]",-30.0,640.0
220475,"[[[23.0, 41.0], [30.0, 41.0], [30.0, 48.0], [23.0, 48.0], [23.0, 41.0]]]",-30.0,640.0
220476,"[[[23.0, 41.0], [30.0, 41.0], [30.0, 48.0], [23.0, 48.0], [23.0, 41.0]]]",-30.0,640.0
220477,"[[[23.0, 41.0], [30.0, 41.0], [30.0, 48.0], [23.0, 48.0], [23.0, 41.0]]]",-30.0,640.0
220478,"[[[23.0, 41.0], [30.0, 41.0], [30.0, 48.0], [23.0, 48.0], [23.0, 41.0]]]",-30.0,640.0
220479,"[[[23.0, 41.0], [30.0, 41.0], [30.0, 48.0], [23.0, 48.0], [23.0, 41.0]]]",-30.0,640.0
220480,"[[[23.0, 41.0], [30.0, 41.0], [30.0, 48.0], [23.0, 48.0], [23.0, 41.0]]]",-30.0,640.0
220481,"[[[23.0, 41.0], [30.0, 41.0], [30.0, 48.0], [23.0, 48.0], [23.0, 41.0]]]",-30.0,640.0
220482,"[[[23.0, 41.0], [30.0, 41.0], [30.0, 48.0], [23.0, 48.0], [23.0, 41.0]]]",-30.0,640.0
220483,"[[[23.0, 41.0], [30.0, 41.0], [30.0, 48.0], [23.0, 48.0], [23.0, 41.0]]]",-30.0,640.0
220484,"[[[23.0, 41.0], [30.0, 41.0], [30.0, 48.0], [23.0, 48.0], [23.0, 41.0]]]",-30.0,640.0
220485,"[[[23.0, 41.0], [30.0, 41.0], [30.0, 48.0], [23.0, 48.0], [23.0, 41.0]]]",-30.0,640.0
220486,"[[[23.0, 41.0], [30.0, 41.0], [30.0, 48.0], [23.0, 48.0], [23.0, 41.0]]]",-30.0,640.0
220487,"[[[23.0, 41.0], [30.0, 41.0], [30.0, 48.0], [23.0, 48.0], [23.0, 41.0]]]",-30.0,640.0
220488,"[[[23.0, 41.0], [30.0, 41.0], [30.0, 48.0], [23.0, 48.0], [23.0, 41.0]]]",-30.0,640.0
220490,"[[[23.0, 41.0], [30.0, 41.0], [30.0, 48.0], [23.0, 48.0], [23.0, 41.0]]]",-30.0,640.0
220491,"[[[23.0, 41.0], [30.0, 41.0], [30.0, 48.0], [23.0, 48.0], [23.0, 41.0]]]",-30.0,640.0
220492,"[[[23.0, 41.0], [30.0, 41.0], [30.0, 48.0], [23.0, 48.0], [23.0, 41.0]]]",-30.0,640.0
220493,"[[[23.0, 41.0], [30.0, 41.0], [30.0, 48.0], [23.0, 48.0], [23.0, 41.0]]]",-30.0,640.0
220494,"[[[23.0, 41.0], [30.0, 41.0], [30.0, 48.0], [23.0, 48.0], [23.0, 41.0]]]",-30.0,640.0
220495,"[[[23.0, 41.0], [30.0, 41.0], [30.0, 48.0], [23.0, 48.0], [23.0, 41.0]]]",-30.0,640.0
395241613,"[14.6189688, 41.4349536]",-330.0,300.0
850699463,"[12.5577433, 42.6399708]",-30.0,300.0
319367,"[[[7.5, 36.0], [11.5, 36.0], [11.5, 38.0], [7.5, 38.0], [7.5, 36.0]]]",-30.0,640.0
319368,"[[[7.5, 36.0], [11.5, 36.0], [11.5, 38.0], [7.5, 38.0], [7.5, 36.0]]]",-30.0,640.0
319369,"[[[7.5, 36.0], [11.5, 36.0], [11.5, 38.0], [7.5, 38.0], [7.5, 36.0]]]",-30.0,640.0
319370,"[[[7.5, 36.0], [11.5, 36.0], [11.5, 38.0], [7.5, 38.0], [7.5, 36.0]]]",-30.0,640.0
319371,"[[[7.5, 36.0], [11.5, 36.0], [11.5, 38.0], [7.5, 38.0], [7.5, 36.0]]]",-30.0,640.0
319372,"[[[7.5, 36.0], [11.5, 36.0], [11.5, 38.0], [7.5, 38.0], [7.5, 36.0]]]",-30.0,640.0
319373,"[[[7.5, 36.0], [11.5, 36.0], [11.5, 38.0], [7.5, 38.0], [7.5, 36.0]]]",-30.0,640.0
319374,"[[[7.5, 36.0], [11.5, 36.0], [11.5, 38.0], [7.5, 38.0], [7.5, 36.0]]]",-30.0,640.0
319375,"[[[7.5, 36.0], [11.5, 36.0], [11.5, 38.0], [7.5, 38.0], [7.5, 36.0]]]",-30.0,640.0
319376,"[[[7.5, 36.0], [11.5, 36.0], [11.5, 38.0], [7.5, 38.0], [7.5, 36.0]]]",-30.0,640.0
319377,"[[[7.5, 36.0], [11.5, 36.0], [11.5, 38.0], [7.5, 38.0], [7.5, 36.0]]]",-30.0,640.0
319379,"[[[7.5, 36.0], [11.5, 36.0], [11.5, 38.0], [7.5, 38.0], [7.5, 36.0]]]",-30.0,640.0
319380,"[[[7.5, 36.0], [11.5, 36.0], [11.5, 38.0], [7.5, 38.0], [7.5, 36.0]]]",-30.0,640.0
319381,"[[[7.5, 36.0], [11.5, 36.0], [11.5, 38.0], [7.5, 38.0], [7.5, 36.0]]]",-30.0,640.0
319382,"[[[7.5, 36.0], [11.5, 36.0], [11.5, 38.0], [7.5, 38.0], [7.5, 36.0]]]",-30.0,640.0
319383,"[[[7.5, 36.0], [11.5, 36.0], [11.5, 38.0], [7.5, 38.0], [7.5, 36.0]]]",-30.0,640.0
319384,"[[[7.5, 36.0], [11.5, 36.0], [11.5, 38.0], [7.5, 38.0], [7.5, 36.0]]]",-30.0,640.0
319385,"[[[7.5, 36.0], [11.5, 36.0], [11.5, 38.0], [7.5, 38.0], [7.5, 36.0]]]",-30.0,640.0
434423626,"[[12.4873295, 41.891654], [12.4873529, 41.8916289], [12.4873687, 41.8916153], [12.4875212, 41.8915621], [12.4876939, 41.8915035], [12.4877523, 41.8914796], [12.4877921, 41.8914618], [12.4878375, 41.8914416], [12.4878703, 41.8914256], [12.4878989, 41.8914092], [12.4879294, 41.8913917], [12.4879535, 41.8913767], [12.4879931, 41.8913482], [12.4880322, 41.8913189], [12.4880568, 41.8912978], [12.4881058, 41.8912568], [12.4881564, 41.8912101], [12.4881739, 41.8911976], [12.4881938, 41.8911835], [12.4882176, 41.8911665], [12.4882588, 41.8911372], [12.4883007, 41.8911153], [12.488341, 41.8910881], [12.4883565, 41.8910593], [12.4883728, 41.8910248], [12.4884035, 41.8909914], [12.4884588, 41.8909534], [12.4885328, 41.8909093], [12.4885765, 41.8908818], [12.4885844, 41.8908141], [12.4885724, 41.8907612], [12.4885191, 41.8906913]]",-750.0,1453.0
681767,"[[[34.5, 32.0], [38.5, 32.0], [38.5, 34.5], [34.5, 34.5], [34.5, 32.0]]]",,
681769,"[[[34.5, 32.0], [38.5, 32.0], [38.5, 34.5], [34.5, 34.5], [34.5, 32.0]]]",,
681771,"[[[34.5, 32.0], [38.5, 32.0], [38.5, 34.5], [34.5, 34.5], [34.5, 32.0]]]",-750.0,-550.0
681772,"[[[34.5, 32.0], [38.5, 32.0], [38.5, 34.5], [34.5, 34.5], [34.5, 32.0]]]",-750.0,-550.0
681773,"[[[34.5, 32.0], [38.5, 32.0], [38.5, 34.5], [34.5, 34.5], [34.5, 32.0]]]",-750.0,-550.0
681774,"[[[34.5, 32.0], [38.5, 32.0], [38.5, 34.5], [34.5, 34.5], [34.5, 32.0]]]",-750.0,640.0
681775,"[[[34.5, 32.0], [38.5, 32.0], [38.5, 34.5], [34.5, 34.5], [34.5, 32.0]]]",-750.0,-550.0
681776,"[[[34.5, 32.0], [38.5, 32.0], [38.5, 34.5], [34.5, 34.5], [34.5, 32.0]]]",-750.0,-550.0
681777,"[[[34.5, 32.0], [38.5, 32.0], [38.5, 34.5], [34.5, 34.5], [34.5, 32.0]]]",-330.0,-30.0
681778,"[[[34.5, 32.0], [38.5, 32.0], [38.5, 34.5], [34.5, 34.5], [34.5, 32.0]]]",-750.0,-550.0
681779,"[[[34.5, 32.0], [38.5, 32.0], [38.5, 34.5], [34.5, 34.5], [34.5, 32.0]]]",,
681780,"[[[34.5, 32.0], [38.5, 32.0], [38.5, 34.5], [34.5, 34.5], [34.5, 32.0]]]",,
681781,"[[[34.5, 32.0], [38.5, 32.0], [38.5, 34.5], [34.5, 34.5], [34.5, 32.0]]]",,
681782,"[[[34.5, 32.0], [38.5, 32.0], [38.5, 34.5], [34.5, 34.5], [34.5, 32.0]]]",,
681783,"[[[34.5, 32.0], [38.5, 32.0], [38.5, 34.5], [34.5, 34.5], [34.5, 32.0]]]",-550.0,-330.0
681784,"[[[34.5, 32.0], [38.5, 32.0], [38.5, 34.5], [34.5, 34.5], [34.5, 32.0]]]",-750.0,-330.0
681785,"[[[34.5, 32.0], [38.5, 32.0], [38.5, 34.5], [34.5, 34.5], [34.5, 32.0]]]",-550.0,640.0
681786,"[[[34.5, 32.0], [38.5, 32.0], [38.5, 34.5], [34.5, 34.5], [34.5, 32.0]]]",-550.0,-330.0
681787,"[[[34.5, 32.0], [38.5, 32.0], [38.5, 34.5], [34.5, 34.5], [34.5, 32.0]]]",-550.0,-330.0
681788,"[[[34.5, 32.0], [38.5, 32.0], [38.5, 34.5], [34.5, 34.5], [34.5, 32.0]]]",,
681789,"[[[34.5, 32.0], [38.5, 32.0], [38.5, 34.5], [34.5, 34.5], [34.5, 32.0]]]",-550.0,-330.0
681790,"[[[34.5, 32.0], [38.5, 32.0], [38.5, 34.5], [34.5, 34.5], [34.5, 32.0]]]",-550.0,-330.0
681791,"[[[34.5, 32.0], [38.5, 32.0], [38.5, 34.5], [34.5, 34.5], [34.5, 32.0]]]",,
681792,"[[[34.5, 32.0], [38.5, 32.0], [38.5, 34.5], [34.5, 34.5], [34.5, 32.0]]]",,
681793,"[[[34.5, 32.0], [38.5, 32.0], [38.5, 34.5], [34.5, 34.5], [34.5, 32.0]]]",-750.0,-550.0
681794,"[[[34.5, 32.0], [38.5, 32.0], [38.5, 34.5], [34.5, 34.5], [34.5, 32.0]]]",,
681795,"[[[34.5, 32.0], [38.5, 32.0], [38.5, 34.5], [34.5, 34.5], [34.5, 32.0]]]",,
681796,"[[[34.5, 32.0], [38.5, 32.0], [38.5, 34.5], [34.5, 34.5], [34.5, 32.0]]]",-330.0,-30.0
681797,"[[[34.5, 32.0], [38.5, 32.0], [38.5, 34.5], [34.5, 34.5], [34.5, 32.0]]]",-330.0,-30.0
681798,"[[[34.5, 32.0], [38.5, 32.0], [38.5, 34.5], [34.5, 34.5], [34.5, 32.0]]]",-750.0,-550.0
681799,"[[[34.5, 32.0], [38.5, 32.0], [38.5, 34.5], [34.5, 34.5], [34.5, 32.0]]]",,
681800,"[[[34.5, 32.0], [38.5, 32.0], [38.5, 34.5], [34.5, 34.5], [34.5, 32.0]]]",-750.0,-330.0
681801,"[[[34.5, 32.0], [38.5, 32.0], [38.5, 34.5], [34.5, 34.5], [34.5, 32.0]]]",,
681802,"[[[34.5, 32.0], [38.5, 32.0], [38.5, 34.5], [34.5, 34.5], [34.5, 32.0]]]",-750.0,-550.0
681803,"[[[34.5, 32.0], [38.5, 32.0], [38.5, 34.5], [34.5, 34.5], [34.5, 32.0]]]",,
681804,"[[[34.5, 32.0], [38.5, 32.0], [38.5, 34.5], [34.5, 34.5], [34.5, 32.0]]]",-330.0,-30.0
681805,"[[[34.5, 32.0], [38.5, 32.0], [38.5, 34.5], [34.5, 34.5], [34.5, 32.0]]]",300.0,640.0
681806,"[[[34.5, 32.0], [38.5, 32.0], [38.5, 34.5], [34.5, 34.5], [34.5, 32.0]]]",,
681807,"[[[34.5, 32.0], [38.5, 32.0], [38.5, 34.5], [34.5, 34.5], [34.5, 32.0]]]",,
681808,"[[[34.5, 32.0], [38.5, 32.0], [38.5, 34.5], [34.5, 34.5], [34.5, 32.0]]]",,
690072,"[[[32.0, 30.0], [36.0, 30.0], [36.0, 32.5], [32.0, 32.5], [32.0, 30.0]]]",-30.0,640.0
690073,"[[[32.0, 30.0], [36.0, 30.0], [36.0, 32.5], [32.0, 32.5], [32.0, 30.0]]]",-30.0,640.0
690075,"[[[32.0, 30.0], [36.0, 30.0], [36.0, 32.5], [32.0, 32.5], [32.0, 30.0]]]",-30.0,640.0
690076,"[[[32.0, 30.0], [36.0, 30.0], [36.0, 32.5], [32.0, 32.5], [32.0, 30.0]]]",-30.0,640.0
690077,"[[[32.0, 30.0], [36.0, 30.0], [36.0, 32.5], [32.0, 32.5], [32.0, 30.0]]]",-330.0,640.0
690078,"[[[32.0, 30.0], [36.0, 30.0], [36.0, 32.5], [32.0, 32.5], [32.0, 30.0]]]",-330.0,640.0
690079,"[[[32.0, 30.0], [36.0, 30.0], [36.0, 32.5], [32.0, 32.5], [32.0, 30.0]]]",-330.0,640.0
690080,"[[[32.0, 30.0], [36.0, 30.0], [36.0, 32.5], [32.0, 32.5], [32.0, 30.0]]]",-30.0,640.0
690081,"[[[32.0, 30.0], [36.0, 30.0], [36.0, 32.5], [32.0, 32.5], [32.0, 30.0]]]",-30.0,640.0
690082,"[[[32.0, 30.0], [36.0, 30.0], [36.0, 32.5], [32.0, 32.5], [32.0, 30.0]]]",-30.0,640.0
690083,"[[[32.0, 30.0], [36.0, 30.0], [36.0, 32.5], [32.0, 32.5], [32.0, 30.0]]]",-30.0,640.0
690084,"[[[32.0, 30.0], [36.0, 30.0], [36.0, 32.5], [32.0, 32.5], [32.0, 30.0]]]",-30.0,640.0
690085,"[[[32.0, 30.0], [36.0, 30.0], [36.0, 32.5], [32.0, 32.5], [32.0, 30.0]]]",-30.0,640.0
690086,"[[[32.0, 30.0], [36.0, 30.0], [36.0, 32.5], [32.0, 32.5], [32.0, 30.0]]]",-30.0,640.0
690087,"[[[32.0, 30.0], [36.0, 30.0], [36.0, 32.5], [32.0, 32.5], [32.0, 30.0]]]",-30.0,640.0
690088,"[[[32.0, 30.0], [36.0, 30.0], [36.0, 32.5], [32.0, 32.5], [32.0, 30.0]]]",-30.0,640.0
690089,"[[[32.0, 30.0], [36.0, 30.0], [36.0, 32.5], [32.0, 32.5], [32.0, 30.0]]]",-330.0,640.0
690090,"[[[32.0, 30.0], [36.0, 30.0], [36.0, 32.5], [32.0, 32.5], [32.0, 30.0]]]",-30.0,640.0
690091,"[[[32.0, 30.0], [36.0, 30.0], [36.0, 32.5], [32.0, 32.5], [32.0, 30.0]]]",-30.0,640.0
690092,"[[[32.0, 30.0], [36.0, 30.0], [36.0, 32.5], [32.0, 32.5], [32.0, 30.0]]]",-30.0,640.0
690094,"[[[32.0, 30.0], [36.0, 30.0], [36.0, 32.5], [32.0, 32.5], [32.0, 30.0]]]",-330.0,640.0
690095,"[[[32.0, 30.0], [36.0, 30.0], [36.0, 32.5], [32.0, 32.5], [32.0, 30.0]]]",-30.0,640.0
690096,"[[[32.0, 30.0], [36.0, 30.0], [36.0, 32.5], [32.0, 32.5], [32.0, 30.0]]]",-30.0,640.0
690097,"[[[32.0, 30.0], [36.0, 30.0], [36.0, 32.5], [32.0, 32.5], [32.0, 30.0]]]",-30.0,640.0
690098,"[[[32.0, 30.0], [36.0, 30.0], [36.0, 32.5], [32.0, 32.5], [32.0, 30.0]]]",-30.0,640.0
690099,"[[[32.0, 30.0], [36.0, 30.0], [36.0, 32.5], [32.0, 32.5], [32.0, 30.0]]]",-330.0,640.0
690100,"[[[32.0, 30.0], [36.0, 30.0], [36.0, 32.5], [32.0, 32.5], [32.0, 30.0]]]",-330.0,640.0
690101,"[[[32.0, 30.0], [36.0, 30.0], [36.0, 32.5], [32.0, 32.5], [32.0, 30.0]]]",-30.0,640.0
690102,"[[[32.0, 30.0], [36.0, 30.0], [36.0, 32.5], [32.0, 32.5], [32.0, 30.0]]]",-330.0,640.0
690103,"[[[32.0, 30.0], [36.0, 30.0], [36.0, 32.5], [32.0, 32.5], [32.0, 30.0]]]",-30.0,640.0
690104,"[[[32.0, 30.0], [36.0, 30.0], [36.0, 32.5], [32.0, 32.5], [32.0, 30.0]]]",-30.0,640.0
690105,"[[[32.0, 30.0], [36.0, 30.0], [36.0, 32.5], [32.0, 32.5], [32.0, 30.0]]]",-30.0,640.0
690106,"[[[32.0, 30.0], [36.0, 30.0], [36.0, 32.5], [32.0, 32.5], [32.0, 30.0]]]",-30.0,640.0
690107,"[[[32.0, 30.0], [36.0, 30.0], [36.0, 32.5], [32.0, 32.5], [32.0, 30.0]]]",-30.0,640.0
690110,"[[[32.0, 30.0], [36.0, 30.0], [36.0, 32.5], [32.0, 32.5], [32.0, 30.0]]]",-330.0,640.0
709702,"[[[32.0, 34.0], [35.0, 34.0], [35.0, 36.0], [32.0, 36.0], [32.0, 34.0]]]",-30.0,640.0
709703,"[[[32.0, 34.0], [35.0, 34.0], [35.0, 36.0], [32.0, 36.0], [32.0, 34.0]]]",-30.0,640.0
709704,"[[[32.0, 34.0], [35.0, 34.0], [35.0, 36.0], [32.0, 36.0], [32.0, 34.0]]]",-30.0,640.0
709705,"[[[32.0, 34.0], [35.0, 34.0], [35.0, 36.0], [32.0, 36.0], [32.0, 34.0]]]",-30.0,640.0
709706,"[[[32.0, 34.0], [35.0, 34.0], [35.0, 36.0], [32.0, 36.0], [32.0, 34.0]]]",-330.0,640.0
709707,"[[[32.0, 34.0], [35.0, 34.0], [35.0, 36.0], [32.0, 36.0], [32.0, 34.0]]]",-330.0,640.0
709708,"[[[32.0, 34.0], [35.0, 34.0], [35.0, 36.0], [32.0, 36.0], [32.0, 34.0]]]",-330.0,640.0
709709,"[[[32.0, 34.0], [35.0, 34.0], [35.0, 36.0], [32.0, 36.0], [32.0, 34.0]]]",-330.0,640.0
709710,"[[[32.0, 34.0], [35.0, 34.0], [35.0, 36.0], [32.0, 36.0], [32.0, 34.0]]]",-330.0,640.0
709711,"[[[32.0, 34.0], [35.0, 34.0], [35.0, 36.0], [32.0, 36.0], [32.0, 34.0]]]",-330.0,640.0
70972,"[[[-6.0, 48.0], [1.0, 48.0], [1.0, 51.0], [-6.0, 51.0], [-6.0, 48.0]]]",-30.0,640.0
70973,"[[[-6.0, 48.0], [1.0, 48.0], [1.0, 51.0], [-6.0, 51.0], [-6.0, 48.0]]]",-30.0,640.0
70974,"[[[-6.0, 48.0], [1.0, 48.0], [1.0, 51.0], [-6.0, 51.0], [-6.0, 48.0]]]",-30.0,640.0
70975,"[[[-6.0, 48.0], [1.0, 48.0], [1.0, 51.0], [-6.0, 51.0], [-6.0, 48.0]]]",-30.0,640.0
70976,"[[[-6.0, 48.0], [1.0, 48.0], [1.0, 51.0], [-6.0, 51.0], [-6.0, 48.0]]]",-30.0,640.0
70977,"[[[-6.0, 48.0], [1.0, 48.0], [1.0, 51.0], [-6.0, 51.0], [-6.0, 48.0]]]",-30.0,640.0
70978,"[[[-6.0, 48.0], [1.0, 48.0], [1.0, 51.0], [-6.0, 51.0], [-6.0, 48.0]]]",-30.0,640.0
717252,"[[[23.0, 28.0], [30.0, 28.0], [30.0, 33.0], [23.0, 33.0], [23.0, 28.0]]]",-750.0,640.0
717253,"[[[23.0, 28.0], [30.0, 28.0], [30.0, 33.0], [23.0, 33.0], [23.0, 28.0]]]",-550.0,300.0
717254,"[[[23.0, 28.0], [30.0, 28.0], [30.0, 33.0], [23.0, 33.0], [23.0, 28.0]]]",-550.0,300.0
717255,"[[[23.0, 28.0], [30.0, 28.0], [30.0, 33.0], [23.0, 33.0], [23.0, 28.0]]]",-550.0,300.0
717256,"[[[23.0, 28.0], [30.0, 28.0], [30.0, 33.0], [23.0, 33.0], [23.0, 28.0]]]",-750.0,640.0
717257,"[[[23.0, 28.0], [30.0, 28.0], [30.0, 33.0], [23.0, 33.0], [23.0, 28.0]]]",-750.0,300.0
717258,"[[[23.0, 28.0], [30.0, 28.0], [30.0, 33.0], [23.0, 33.0], [23.0, 28.0]]]",-750.0,640.0
717259,"[[[23.0, 28.0], [30.0, 28.0], [30.0, 33.0], [23.0, 33.0], [23.0, 28.0]]]",-550.0,640.0
717260,"[[[23.0, 28.0], [30.0, 28.0], [30.0, 33.0], [23.0, 33.0], [23.0, 28.0]]]",-750.0,640.0
810734825,"[[36.4019297, 35.4294836], [36.4019345, 35.4292549], [36.4019284, 35.4283737], [36.4017841, 35.4283271], [36.4018086, 35.4263147], [36.4017617, 35.4233108], [36.4017467, 35.4170804], [36.4017215, 35.4140376]]",-30.0,300.0
729332,"[[[29.0, 29.5], [33.0, 29.5], [33.0, 32.0], [29.0, 32.0], [29.0, 29.5]]]",-30.0,640.0
594187,"[[[23.5, 34.5], [27.0, 34.5], [27.0, 36.0], [23.5, 36.0], [23.5, 34.5]]]",-30.0,640.0
594188,"[[[23.5, 34.5], [27.0, 34.5], [27.0, 36.0], [23.5, 36.0], [23.5, 34.5]]]",-30.0,300.0
594189,"[[[23.5, 34.5], [27.0, 34.5], [27.0, 36.0], [23.5, 36.0], [23.5, 34.5]]]",-330.0,300.0
432812,"[[[13.0, 41.0], [13.5, 41.0], [13.5, 41.5], [13.0, 41.5], [13.0, 41.0]]]",300.0,640.0
385106254,"[-1.9788363, 50.9460108]",-30.0,640.0
661382,"[[[35.0, 36.0], [39.0, 36.0], [39.0, 38.0], [35.0, 38.0], [35.0, 36.0]]]",-30.0,640.0
661383,"[[[35.0, 36.0], [39.0, 36.0], [39.0, 38.0], [35.0, 38.0], [35.0, 36.0]]]",-330.0,640.0
661384,"[[[35.0, 36.0], [39.0, 36.0], [39.0, 38.0], [35.0, 38.0], [35.0, 36.0]]]",-330.0,640.0
661385,"[[[35.0, 36.0], [39.0, 36.0], [39.0, 38.0], [35.0, 38.0], [35.0, 36.0]]]",-30.0,640.0
661386,"[[[35.0, 36.0], [39.0, 36.0], [39.0, 38.0], [35.0, 38.0], [35.0, 36.0]]]",-30.0,640.0
661387,"[[[35.0, 36.0], [39.0, 36.0], [39.0, 38.0], [35.0, 38.0], [35.0, 36.0]]]",-30.0,640.0
661388,"[[[35.0, 36.0], [39.0, 36.0], [39.0, 38.0], [35.0, 38.0], [35.0, 36.0]]]",-30.0,640.0
661389,"[[[35.0, 36.0], [39.0, 36.0], [39.0, 38.0], [35.0, 38.0], [35.0, 36.0]]]",-30.0,640.0
661390,"[[[35.0, 36.0], [39.0, 36.0], [39.0, 38.0], [35.0, 38.0], [35.0, 36.0]]]",-330.0,640.0
661391,"[[[35.0, 36.0], [39.0, 36.0], [39.0, 38.0], [35.0, 38.0], [35.0, 36.0]]]",-330.0,640.0
661392,"[[[35.0, 36.0], [39.0, 36.0], [39.0, 38.0], [35.0, 38.0], [35.0, 36.0]]]",-330.0,640.0
661393,"[[[35.0, 36.0], [39.0, 36.0], [39.0, 38.0], [35.0, 38.0], [35.0, 36.0]]]",-30.0,640.0
661394,"[[[35.0, 36.0], [39.0, 36.0], [39.0, 38.0], [35.0, 38.0], [35.0, 36.0]]]",-30.0,640.0
661395,"[[[35.0, 36.0], [39.0, 36.0], [39.0, 38.0], [35.0, 38.0], [35.0, 36.0]]]",-30.0,640.0
661396,"[[[35.0, 36.0], [39.0, 36.0], [39.0, 38.0], [35.0, 38.0], [35.0, 36.0]]]",-30.0,640.0
661397,"[[[35.0, 36.0], [39.0, 36.0], [39.0, 38.0], [35.0, 38.0], [35.0, 36.0]]]",-30.0,640.0
661398,"[[[35.0, 36.0], [39.0, 36.0], [39.0, 38.0], [35.0, 38.0], [35.0, 36.0]]]",-30.0,640.0
661399,"[[[35.0, 36.0], [39.0, 36.0], [39.0, 38.0], [35.0, 38.0], [35.0, 36.0]]]",-30.0,640.0
661400,"[[[35.0, 36.0], [39.0, 36.0], [39.0, 38.0], [35.0, 38.0], [35.0, 36.0]]]",-330.0,640.0
661401,"[[[35.0, 36.0], [39.0, 36.0], [39.0, 38.0], [35.0, 38.0], [35.0, 36.0]]]",-330.0,640.0
661402,"[[[35.0, 36.0], [39.0, 36.0], [39.0, 38.0], [35.0, 38.0], [35.0, 36.0]]]",-30.0,640.0
661403,"[[[35.0, 36.0], [39.0, 36.0], [39.0, 38.0], [35.0, 38.0], [35.0, 36.0]]]",-30.0,640.0
661404,"[[[35.0, 36.0], [39.0, 36.0], [39.0, 38.0], [35.0, 38.0], [35.0, 36.0]]]",-30.0,640.0
661405,"[[[35.0, 36.0], [39.0, 36.0], [39.0, 38.0], [35.0, 38.0], [35.0, 36.0]]]",-30.0,640.0
661406,"[[[35.0, 36.0], [39.0, 36.0], [39.0, 38.0], [35.0, 38.0], [35.0, 36.0]]]",-30.0,640.0
661407,"[[[35.0, 36.0], [39.0, 36.0], [39.0, 38.0], [35.0, 38.0], [35.0, 36.0]]]",-30.0,640.0
661408,"[[[35.0, 36.0], [39.0, 36.0], [39.0, 38.0], [35.0, 38.0], [35.0, 36.0]]]",-30.0,640.0
661409,"[[[35.0, 36.0], [39.0, 36.0], [39.0, 38.0], [35.0, 38.0], [35.0, 36.0]]]",-30.0,640.0
661410,"[[[35.0, 36.0], [39.0, 36.0], [39.0, 38.0], [35.0, 38.0], [35.0, 36.0]]]",-30.0,640.0
661411,"[[[35.0, 36.0], [39.0, 36.0], [39.0, 38.0], [35.0, 38.0], [35.0, 36.0]]]",-30.0,640.0
661412,"[[[35.0, 36.0], [39.0, 36.0], [39.0, 38.0], [35.0, 38.0], [35.0, 36.0]]]",-30.0,640.0
661413,"[[[35.0, 36.0], [39.0, 36.0], [39.0, 38.0], [35.0, 38.0], [35.0, 36.0]]]",-330.0,640.0
661414,"[[[35.0, 36.0], [39.0, 36.0], [39.0, 38.0], [35.0, 38.0], [35.0, 36.0]]]",-30.0,640.0
661415,"[[[35.0, 36.0], [39.0, 36.0], [39.0, 38.0], [35.0, 38.0], [35.0, 36.0]]]",-30.0,640.0
661416,"[[[35.0, 36.0], [39.0, 36.0], [39.0, 38.0], [35.0, 38.0], [35.0, 36.0]]]",-30.0,640.0
661417,"[[[35.0, 36.0], [39.0, 36.0], [39.0, 38.0], [35.0, 38.0], [35.0, 36.0]]]",-30.0,640.0
404373769,"[12.7057059, 41.7465316]",-30.0,300.0
455267,"[[[14.5, 37.0], [17.5, 37.0], [17.5, 40.5], [14.5, 40.5], [14.5, 37.0]]]",-30.0,640.0
455268,"[[[14.5, 37.0], [17.5, 37.0], [17.5, 40.5], [14.5, 40.5], [14.5, 37.0]]]",-750.0,640.0
455269,"[[[14.5, 37.0], [17.5, 37.0], [17.5, 40.5], [14.5, 40.5], [14.5, 37.0]]]",-330.0,640.0
455270,"[[[14.5, 37.0], [17.5, 37.0], [17.5, 40.5], [14.5, 40.5], [14.5, 37.0]]]",-750.0,640.0
455271,"[[[14.5, 37.0], [17.5, 37.0], [17.5, 40.5], [14.5, 40.5], [14.5, 37.0]]]",-750.0,640.0
455272,"[[[14.5, 37.0], [17.5, 37.0], [17.5, 40.5], [14.5, 40.5], [14.5, 37.0]]]",-750.0,-330.0
455273,"[[[14.5, 37.0], [17.5, 37.0], [17.5, 40.5], [14.5, 40.5], [14.5, 37.0]]]",-750.0,-330.0
455274,"[[[14.5, 37.0], [17.5, 37.0], [17.5, 40.5], [14.5, 40.5], [14.5, 37.0]]]",-750.0,-330.0
455275,"[[[14.5, 37.0], [17.5, 37.0], [17.5, 40.5], [14.5, 40.5], [14.5, 37.0]]]",-750.0,-330.0
455276,"[[[14.5, 37.0], [17.5, 37.0], [17.5, 40.5], [14.5, 40.5], [14.5, 37.0]]]",-750.0,640.0
455277,"[[[14.5, 37.0], [17.5, 37.0], [17.5, 40.5], [14.5, 40.5], [14.5, 37.0]]]",-750.0,-330.0
455278,"[[[14.5, 37.0], [17.5, 37.0], [17.5, 40.5], [14.5, 40.5], [14.5, 37.0]]]",-750.0,-30.0
455279,"[[[14.5, 37.0], [17.5, 37.0], [17.5, 40.5], [14.5, 40.5], [14.5, 37.0]]]",-750.0,640.0
455280,"[[[14.5, 37.0], [17.5, 37.0], [17.5, 40.5], [14.5, 40.5], [14.5, 37.0]]]",-750.0,-30.0
455281,"[[[14.5, 37.0], [17.5, 37.0], [17.5, 40.5], [14.5, 40.5], [14.5, 37.0]]]",-330.0,640.0
455282,"[[[14.5, 37.0], [17.5, 37.0], [17.5, 40.5], [14.5, 40.5], [14.5, 37.0]]]",-750.0,-330.0
455283,"[[[14.5, 37.0], [17.5, 37.0], [17.5, 40.5], [14.5, 40.5], [14.5, 37.0]]]",-750.0,-330.0
455284,"[[[14.5, 37.0], [17.5, 37.0], [17.5, 40.5], [14.5, 40.5], [14.5, 37.0]]]",-330.0,640.0
455285,"[[[14.5, 37.0], [17.5, 37.0], [17.5, 40.5], [14.5, 40.5], [14.5, 37.0]]]",-750.0,640.0
455286,"[[[14.5, 37.0], [17.5, 37.0], [17.5, 40.5], [14.5, 40.5], [14.5, 37.0]]]",-750.0,-30.0
455287,"[[[14.5, 37.0], [17.5, 37.0], [17.5, 40.5], [14.5, 40.5], [14.5, 37.0]]]",-330.0,300.0
153255876,"[[8.8872391, 38.898872], [8.8872983, 38.8988351], [8.8873886, 38.8986262], [8.8875898, 38.898353], [8.8877591, 38.8982069], [8.8878954, 38.8981371], [8.8880604, 38.8981123], [8.8882324, 38.8981086], [8.8884084, 38.8981756], [8.8885738, 38.8983006], [8.8889038, 38.898605], [8.8895156, 38.8987815], [8.8898286, 38.8989641], [8.8899978, 38.8990628], [8.8901967, 38.899231], [8.8902572, 38.8993259], [8.8902615, 38.8994273], [8.8901726, 38.8996222], [8.8900194, 38.8997838], [8.8898777, 38.8998797], [8.8898171, 38.8999611], [8.8898196, 38.900045], [8.8898631, 38.9000781], [8.8900005, 38.9000781], [8.8902088, 38.900052], [8.8918932, 38.8995673], [8.8922158, 38.8995419], [8.8926333, 38.8996023], [8.8926756, 38.899647], [8.8926741, 38.8996838], [8.8926363, 38.899718], [8.8925875, 38.8997566], [8.89251, 38.8997998], [8.8924855, 38.8998856], [8.8924565, 38.8999884], [8.8924924, 38.9001034], [8.8924896, 38.9002218], [8.8924676, 38.9003962], [8.8925197, 38.9006049], [8.8925455, 38.9008533], [8.892643, 38.9014621], [8.8926534, 38.9016748], [8.8927254, 38.9018867], [8.8928668, 38.9020683], [8.8930074, 38.902176], [8.8932168, 38.9022048], [8.8936354, 38.9022231], [8.8937372, 38.9022831], [8.8938341, 38.9023773], [8.8941788, 38.9027115], [8.894733, 38.9028241], [8.8951793, 38.9029851], [8.8957675, 38.9027502], [8.8959786, 38.9028606], [8.8961624, 38.9030659], [8.8961443, 38.9035632], [8.8960033, 38.9038863], [8.8960909, 38.9043085], [8.8961271, 38.9047812], [8.8962717, 38.9050824], [8.8963978, 38.9051018], [8.896576, 38.905057], [8.8968226, 38.9049738], [8.8969402, 38.9049853], [8.8970911, 38.9050975], [8.8972021, 38.9052318], [8.8974418, 38.9057415], [8.8976211, 38.9060033], [8.8978446, 38.906121], [8.8979762, 38.9061445], [8.8980435, 38.9062411], [8.8980145, 38.9063662], [8.8979186, 38.9065517], [8.8979128, 38.9066273], [8.8980282, 38.9067607], [8.8981493, 38.906855], [8.8991588, 38.9080323], [8.8994057, 38.9082643]]",-30.0,300.0
797282,"[[[30.0, 20.0], [37.0, 20.0], [37.0, 25.0], [30.0, 25.0], [30.0, 20.0]]]",-30.0,640.0
797283,"[[[30.0, 20.0], [37.0, 20.0], [37.0, 25.0], [30.0, 25.0], [30.0, 20.0]]]",-30.0,300.0
797284,"[[[30.0, 20.0], [37.0, 20.0], [37.0, 25.0], [30.0, 25.0], [30.0, 20.0]]]",-30.0,300.0
815402,"[[[35.0, 24.0], [40.0, 24.0], [40.0, 31.0], [35.0, 31.0], [35.0, 24.0]]]",-750.0,300.0
815403,"[[[35.0, 24.0], [40.0, 24.0], [40.0, 31.0], [35.0, 31.0], [35.0, 24.0]]]",-750.0,300.0
815404,"[[[35.0, 24.0], [40.0, 24.0], [40.0, 31.0], [35.0, 31.0], [35.0, 24.0]]]",-750.0,300.0
815405,"[[[35.0, 24.0], [40.0, 24.0], [40.0, 31.0], [35.0, 31.0], [35.0, 24.0]]]",-750.0,300.0
815406,"[[[35.0, 24.0], [40.0, 24.0], [40.0, 31.0], [35.0, 31.0], [35.0, 24.0]]]",-750.0,300.0
815407,"[[[35.0, 24.0], [40.0, 24.0], [40.0, 31.0], [35.0, 31.0], [35.0, 24.0]]]",-750.0,300.0
815408,"[[[35.0, 24.0], [40.0, 24.0], [40.0, 31.0], [35.0, 31.0], [35.0, 24.0]]]",-750.0,300.0
815409,"[[[35.0, 24.0], [40.0, 24.0], [40.0, 31.0], [35.0, 31.0], [35.0, 24.0]]]",-750.0,300.0
815410,"[[[35.0, 24.0], [40.0, 24.0], [40.0, 31.0], [35.0, 31.0], [35.0, 24.0]]]",-750.0,300.0
815411,"[[[35.0, 24.0], [40.0, 24.0], [40.0, 31.0], [35.0, 31.0], [35.0, 24.0]]]",-750.0,300.0
815412,"[[[35.0, 24.0], [40.0, 24.0], [40.0, 31.0], [35.0, 31.0], [35.0, 24.0]]]",-750.0,300.0
776635901,"[[12.3528387, 42.3430213], [12.3527034, 42.3431187], [12.3526447, 42.3431707], [12.3526129, 42.3432535], [12.3526007, 42.3433097], [12.3526016, 42.3434579], [12.3526056, 42.3435795], [12.352602, 42.3436383], [12.3526221, 42.3436764], [12.3527032, 42.3438043], [12.3528503, 42.3440342], [12.3529372, 42.344197], [12.3530426, 42.3443343], [12.3531287, 42.3444305], [12.3533589, 42.3446639], [12.353521, 42.3447898], [12.3536271, 42.3448624], [12.3537803, 42.3449558], [12.353837, 42.3450204]]",,
604002,"[[[25.0, 36.0], [29.0, 36.0], [29.0, 38.5], [25.0, 38.5], [25.0, 36.0]]]",-330.0,300.0
604003,"[[[25.0, 36.0], [29.0, 36.0], [29.0, 38.5], [25.0, 38.5], [25.0, 36.0]]]",-330.0,300.0
604004,"[[[25.0, 36.0], [29.0, 36.0], [29.0, 38.5], [25.0, 38.5], [25.0, 36.0]]]",-30.0,640.0
604005,"[[[25.0, 36.0], [29.0, 36.0], [29.0, 38.5], [25.0, 38.5], [25.0, 36.0]]]",-30.0,640.0
604006,"[[[25.0, 36.0], [29.0, 36.0], [29.0, 38.5], [25.0, 38.5], [25.0, 36.0]]]",-550.0,300.0
604007,"[[[25.0, 36.0], [29.0, 36.0], [29.0, 38.5], [25.0, 38.5], [25.0, 36.0]]]",300.0,640.0
604008,"[[[25.0, 36.0], [29.0, 36.0], [29.0, 38.5], [25.0, 38.5], [25.0, 36.0]]]",-330.0,300.0
604009,"[[[25.0, 36.0], [29.0, 36.0], [29.0, 38.5], [25.0, 38.5], [25.0, 36.0]]]",-550.0,300.0
604010,"[[[25.0, 36.0], [29.0, 36.0], [29.0, 38.5], [25.0, 38.5], [25.0, 36.0]]]",-750.0,-550.0
604011,"[[[25.0, 36.0], [29.0, 36.0], [29.0, 38.5], [25.0, 38.5], [25.0, 36.0]]]",-30.0,300.0
604012,"[[[25.0, 36.0], [29.0, 36.0], [29.0, 38.5], [25.0, 38.5], [25.0, 36.0]]]",-30.0,640.0
604013,"[[[25.0, 36.0], [29.0, 36.0], [29.0, 38.5], [25.0, 38.5], [25.0, 36.0]]]",-30.0,300.0
604014,"[[[25.0, 36.0], [29.0, 36.0], [29.0, 38.5], [25.0, 38.5], [25.0, 36.0]]]",-30.0,640.0
510912925,"[[-9.4142746, 38.8871977], [-9.4142835, 38.8872148], [-9.4143663, 38.8873734], [-9.4143684, 38.8874023], [-9.4143302, 38.8875734], [-9.4142247, 38.8876588], [-9.4140122, 38.8877316], [-9.4139498, 38.8878569], [-9.4140042, 38.8880417], [-9.4140071, 38.8881147], [-9.4139931, 38.8881706], [-9.4139495, 38.888216], [-9.4138744, 38.8882447], [-9.4138211, 38.8882645], [-9.4137024, 38.8883192], [-9.4136309, 38.888366], [-9.4135913, 38.8884034], [-9.4135863, 38.8884495], [-9.413604, 38.8884858], [-9.4136406, 38.8885377], [-9.4136657, 38.8886111], [-9.4136407, 38.8887305], [-9.4136628, 38.888818]]",-30.0,300.0
337487,"[[[2.0, 32.0], [10.0, 32.0], [10.0, 37.0], [2.0, 37.0], [2.0, 32.0]]]",-30.0,640.0
337488,"[[[2.0, 32.0], [10.0, 32.0], [10.0, 37.0], [2.0, 37.0], [2.0, 32.0]]]",-30.0,640.0
337489,"[[[2.0, 32.0], [10.0, 32.0], [10.0, 37.0], [2.0, 37.0], [2.0, 32.0]]]",-30.0,640.0
337490,"[[[2.0, 32.0], [10.0, 32.0], [10.0, 37.0], [2.0, 37.0], [2.0, 32.0]]]",-30.0,640.0
337492,"[[[2.0, 32.0], [10.0, 32.0], [10.0, 37.0], [2.0, 37.0], [2.0, 32.0]]]",-30.0,640.0
337493,"[[[2.0, 32.0], [10.0, 32.0], [10.0, 37.0], [2.0, 37.0], [2.0, 32.0]]]",-30.0,640.0
337494,"[[[2.0, 32.0], [10.0, 32.0], [10.0, 37.0], [2.0, 37.0], [2.0, 32.0]]]",-30.0,640.0
337495,"[[[2.0, 32.0], [10.0, 32.0], [10.0, 37.0], [2.0, 37.0], [2.0, 32.0]]]",-30.0,640.0
337496,"[[[2.0, 32.0], [10.0, 32.0], [10.0, 37.0], [2.0, 37.0], [2.0, 32.0]]]",-30.0,640.0
337497,"[[[2.0, 32.0], [10.0, 32.0], [10.0, 37.0], [2.0, 37.0], [2.0, 32.0]]]",-30.0,640.0
337498,"[[[2.0, 32.0], [10.0, 32.0], [10.0, 37.0], [2.0, 37.0], [2.0, 32.0]]]",-30.0,640.0
337499,"[[[2.0, 32.0], [10.0, 32.0], [10.0, 37.0], [2.0, 37.0], [2.0, 32.0]]]",-30.0,640.0
337501,"[[[2.0, 32.0], [10.0, 32.0], [10.0, 37.0], [2.0, 37.0], [2.0, 32.0]]]",-30.0,640.0
337502,"[[[2.0, 32.0], [10.0, 32.0], [10.0, 37.0], [2.0, 37.0], [2.0, 32.0]]]",-30.0,640.0
337503,"[[[2.0, 32.0], [10.0, 32.0], [10.0, 37.0], [2.0, 37.0], [2.0, 32.0]]]",-30.0,640.0
337504,"[[[2.0, 32.0], [10.0, 32.0], [10.0, 37.0], [2.0, 37.0], [2.0, 32.0]]]",-30.0,640.0
337505,"[[[2.0, 32.0], [10.0, 32.0], [10.0, 37.0], [2.0, 37.0], [2.0, 32.0]]]",-30.0,640.0
337506,"[[[2.0, 32.0], [10.0, 32.0], [10.0, 37.0], [2.0, 37.0], [2.0, 32.0]]]",-30.0,640.0
337507,"[[[2.0, 32.0], [10.0, 32.0], [10.0, 37.0], [2.0, 37.0], [2.0, 32.0]]]",-30.0,640.0
337508,"[[[2.0, 32.0], [10.0, 32.0], [10.0, 37.0], [2.0, 37.0], [2.0, 32.0]]]",-30.0,640.0
337509,"[[[2.0, 32.0], [10.0, 32.0], [10.0, 37.0], [2.0, 37.0], [2.0, 32.0]]]",-30.0,640.0
337510,"[[[2.0, 32.0], [10.0, 32.0], [10.0, 37.0], [2.0, 37.0], [2.0, 32.0]]]",-30.0,640.0
337511,"[[[2.0, 32.0], [10.0, 32.0], [10.0, 37.0], [2.0, 37.0], [2.0, 32.0]]]",-30.0,640.0
337512,"[[[2.0, 32.0], [10.0, 32.0], [10.0, 37.0], [2.0, 37.0], [2.0, 32.0]]]",-30.0,640.0
337513,"[[[2.0, 32.0], [10.0, 32.0], [10.0, 37.0], [2.0, 37.0], [2.0, 32.0]]]",-30.0,640.0
337514,"[[[2.0, 32.0], [10.0, 32.0], [10.0, 37.0], [2.0, 37.0], [2.0, 32.0]]]",-30.0,640.0
337515,"[[[2.0, 32.0], [10.0, 32.0], [10.0, 37.0], [2.0, 37.0], [2.0, 32.0]]]",-30.0,640.0
337516,"[[[2.0, 32.0], [10.0, 32.0], [10.0, 37.0], [2.0, 37.0], [2.0, 32.0]]]",-30.0,640.0
337518,"[[[2.0, 32.0], [10.0, 32.0], [10.0, 37.0], [2.0, 37.0], [2.0, 32.0]]]",-30.0,640.0
337519,"[[[2.0, 32.0], [10.0, 32.0], [10.0, 37.0], [2.0, 37.0], [2.0, 32.0]]]",-30.0,640.0
337520,"[[[2.0, 32.0], [10.0, 32.0], [10.0, 37.0], [2.0, 37.0], [2.0, 32.0]]]",-30.0,640.0
337521,"[[[2.0, 32.0], [10.0, 32.0], [10.0, 37.0], [2.0, 37.0], [2.0, 32.0]]]",-30.0,640.0
337522,"[[[2.0, 32.0], [10.0, 32.0], [10.0, 37.0], [2.0, 37.0], [2.0, 32.0]]]",-30.0,640.0
337523,"[[[2.0, 32.0], [10.0, 32.0], [10.0, 37.0], [2.0, 37.0], [2.0, 32.0]]]",-30.0,640.0
337524,"[[[2.0, 32.0], [10.0, 32.0], [10.0, 37.0], [2.0, 37.0], [2.0, 32.0]]]",-30.0,640.0
337525,"[[[2.0, 32.0], [10.0, 32.0], [10.0, 37.0], [2.0, 37.0], [2.0, 32.0]]]",-30.0,640.0
337526,"[[[2.0, 32.0], [10.0, 32.0], [10.0, 37.0], [2.0, 37.0], [2.0, 32.0]]]",-30.0,640.0
337527,"[[[2.0, 32.0], [10.0, 32.0], [10.0, 37.0], [2.0, 37.0], [2.0, 32.0]]]",-30.0,640.0
337529,"[[[2.0, 32.0], [10.0, 32.0], [10.0, 37.0], [2.0, 37.0], [2.0, 32.0]]]",-30.0,640.0
337530,"[[[2.0, 32.0], [10.0, 32.0], [10.0, 37.0], [2.0, 37.0], [2.0, 32.0]]]",-30.0,640.0
337531,"[[[2.0, 32.0], [10.0, 32.0], [10.0, 37.0], [2.0, 37.0], [2.0, 32.0]]]",-30.0,640.0
337532,"[[[2.0, 32.0], [10.0, 32.0], [10.0, 37.0], [2.0, 37.0], [2.0, 32.0]]]",-30.0,640.0
348057,"[[[8.0, 30.0], [16.0, 30.0], [16.0, 34.0], [8.0, 34.0], [8.0, 30.0]]]",-30.0,640.0
348058,"[[[8.0, 30.0], [16.0, 30.0], [16.0, 34.0], [8.0, 34.0], [8.0, 30.0]]]",-330.0,640.0
348059,"[[[8.0, 30.0], [16.0, 30.0], [16.0, 34.0], [8.0, 34.0], [8.0, 30.0]]]",-330.0,640.0
348060,"[[[8.0, 30.0], [16.0, 30.0], [16.0, 34.0], [8.0, 34.0], [8.0, 30.0]]]",-30.0,640.0
348062,"[[[8.0, 30.0], [16.0, 30.0], [16.0, 34.0], [8.0, 34.0], [8.0, 30.0]]]",-30.0,300.0
348063,"[[[8.0, 30.0], [16.0, 30.0], [16.0, 34.0], [8.0, 34.0], [8.0, 30.0]]]",-30.0,640.0
348064,"[[[8.0, 30.0], [16.0, 30.0], [16.0, 34.0], [8.0, 34.0], [8.0, 30.0]]]",-30.0,640.0
348065,"[[[8.0, 30.0], [16.0, 30.0], [16.0, 34.0], [8.0, 34.0], [8.0, 30.0]]]",-30.0,640.0
348066,"[[[8.0, 30.0], [16.0, 30.0], [16.0, 34.0], [8.0, 34.0], [8.0, 30.0]]]",-30.0,300.0
348067,"[[[8.0, 30.0], [16.0, 30.0], [16.0, 34.0], [8.0, 34.0], [8.0, 30.0]]]",-30.0,300.0
889101791,"[12.4852084, 41.8914913]",1700.0,2100.0
311132362,"[[11.6261905, 42.4196492], [11.6264176, 42.4196019], [11.626606, 42.419565], [11.6273539, 42.4195544], [11.62777, 42.4194649], [11.6282628, 42.4193709], [11.6284527, 42.4193571], [11.6286666, 42.4193437], [11.629002, 42.4192555], [11.6291723, 42.4192107], [11.6292579, 42.4191882], [11.6293513, 42.4191591], [11.6299228, 42.4189809], [11.6301561, 42.4188983], [11.6302818, 42.4188641], [11.6303188, 42.418852], [11.6305288, 42.4187835], [11.6309921, 42.4186324], [11.6316531, 42.4183312], [11.6319705, 42.4181911], [11.6322506, 42.4180998], [11.6325165, 42.4180489], [11.6326789, 42.4180529], [11.6329135, 42.4180776], [11.6331543, 42.4181136], [11.6333114, 42.4181181], [11.6333482, 42.4181129], [11.6334428, 42.4180971]]",-30.0,300.0
514157,"[[[27.0, 40.0], [31.0, 40.0], [31.0, 42.0], [27.0, 42.0], [27.0, 40.0]]]",-30.0,640.0
514158,"[[[27.0, 40.0], [31.0, 40.0], [31.0, 42.0], [27.0, 42.0], [27.0, 40.0]]]",-30.0,640.0
514159,"[[[27.0, 40.0], [31.0, 40.0], [31.0, 42.0], [27.0, 42.0], [27.0, 40.0]]]",-30.0,300.0
514160,"[[[27.0, 40.0], [31.0, 40.0], [31.0, 42.0], [27.0, 42.0], [27.0, 40.0]]]",-30.0,640.0
514161,"[[[27.0, 40.0], [31.0, 40.0], [31.0, 42.0], [27.0, 42.0], [27.0, 40.0]]]",-30.0,640.0
514162,"[[[27.0, 40.0], [31.0, 40.0], [31.0, 42.0], [27.0, 42.0], [27.0, 40.0]]]",-550.0,-330.0
514163,"[[[27.0, 40.0], [31.0, 40.0], [31.0, 42.0], [27.0, 42.0], [27.0, 40.0]]]",-30.0,640.0
514164,"[[[27.0, 40.0], [31.0, 40.0], [31.0, 42.0], [27.0, 42.0], [27.0, 40.0]]]",-30.0,640.0
514165,"[[[27.0, 40.0], [31.0, 40.0], [31.0, 42.0], [27.0, 42.0], [27.0, 40.0]]]",-30.0,640.0
514166,"[[[27.0, 40.0], [31.0, 40.0], [31.0, 42.0], [27.0, 42.0], [27.0, 40.0]]]",-30.0,300.0
514167,"[[[27.0, 40.0], [31.0, 40.0], [31.0, 42.0], [27.0, 42.0], [27.0, 40.0]]]",300.0,640.0
514168,"[[[27.0, 40.0], [31.0, 40.0], [31.0, 42.0], [27.0, 42.0], [27.0, 40.0]]]",-30.0,300.0
514169,"[[[27.0, 40.0], [31.0, 40.0], [31.0, 42.0], [27.0, 42.0], [27.0, 40.0]]]",-30.0,300.0
514170,"[[[27.0, 40.0], [31.0, 40.0], [31.0, 42.0], [27.0, 42.0], [27.0, 40.0]]]",300.0,640.0
514171,"[[[27.0, 40.0], [31.0, 40.0], [31.0, 42.0], [27.0, 42.0], [27.0, 40.0]]]",300.0,640.0
514172,"[[[27.0, 40.0], [31.0, 40.0], [31.0, 42.0], [27.0, 42.0], [27.0, 40.0]]]",-30.0,640.0
514173,"[[[27.0, 40.0], [31.0, 40.0], [31.0, 42.0], [27.0, 42.0], [27.0, 40.0]]]",-30.0,640.0
514174,"[[[27.0, 40.0], [31.0, 40.0], [31.0, 42.0], [27.0, 42.0], [27.0, 40.0]]]",-30.0,640.0
514175,"[[[27.0, 40.0], [31.0, 40.0], [31.0, 42.0], [27.0, 42.0], [27.0, 40.0]]]",-30.0,640.0
514176,"[[[27.0, 40.0], [31.0, 40.0], [31.0, 42.0], [27.0, 42.0], [27.0, 40.0]]]",-30.0,640.0
524727,"[[[28.75, 40.75], [29.5, 40.75], [29.5, 41.5], [28.75, 41.5], [28.75, 40.75]]]",-30.0,640.0
524728,"[[[28.75, 40.75], [29.5, 40.75], [29.5, 41.5], [28.75, 41.5], [28.75, 40.75]]]",300.0,640.0
524729,"[[[28.75, 40.75], [29.5, 40.75], [29.5, 41.5], [28.75, 41.5], [28.75, 40.75]]]",-30.0,640.0
524730,"[[[28.75, 40.75], [29.5, 40.75], [29.5, 41.5], [28.75, 41.5], [28.75, 40.75]]]",300.0,640.0
534542,"[[[19.5, 38.0], [21.5, 38.0], [21.5, 40.5], [19.5, 40.5], [19.5, 38.0]]]",-30.0,640.0
534544,"[[[19.5, 38.0], [21.5, 38.0], [21.5, 40.5], [19.5, 40.5], [19.5, 38.0]]]",-330.0,-30.0
534545,"[[[19.5, 38.0], [21.5, 38.0], [21.5, 40.5], [19.5, 40.5], [19.5, 38.0]]]",-30.0,640.0
534546,"[[[19.5, 38.0], [21.5, 38.0], [21.5, 40.5], [19.5, 40.5], [19.5, 38.0]]]",-30.0,640.0
534547,"[[[19.5, 38.0], [21.5, 38.0], [21.5, 40.5], [19.5, 40.5], [19.5, 38.0]]]",-30.0,640.0
534548,"[[[19.5, 38.0], [21.5, 38.0], [21.5, 40.5], [19.5, 40.5], [19.5, 38.0]]]",-330.0,-30.0
534549,"[[[19.5, 38.0], [21.5, 38.0], [21.5, 40.5], [19.5, 40.5], [19.5, 38.0]]]",-550.0,-330.0
728422856,"[-1.8773488, 52.5670085]",-30.0,300.0
710805922,"[11.6358965, 42.6608222]",-750.0,300.0
493772,"[[[21.5, 40.0], [23.5, 40.0], [23.5, 42.0], [21.5, 42.0], [21.5, 40.0]]]",,
328437,"[[[7.5, 34.0], [11.5, 34.0], [11.5, 36.0], [7.5, 36.0], [7.5, 34.0]]]",-30.0,640.0
328438,"[[[7.5, 34.0], [11.5, 34.0], [11.5, 36.0], [7.5, 36.0], [7.5, 34.0]]]",-30.0,640.0
328439,"[[[7.5, 34.0], [11.5, 34.0], [11.5, 36.0], [7.5, 36.0], [7.5, 34.0]]]",-30.0,640.0
328440,"[[[7.5, 34.0], [11.5, 34.0], [11.5, 36.0], [7.5, 36.0], [7.5, 34.0]]]",-30.0,640.0
328441,"[[[7.5, 34.0], [11.5, 34.0], [11.5, 36.0], [7.5, 36.0], [7.5, 34.0]]]",-30.0,640.0
328442,"[[[7.5, 34.0], [11.5, 34.0], [11.5, 36.0], [7.5, 36.0], [7.5, 34.0]]]",-30.0,640.0
328443,"[[[7.5, 34.0], [11.5, 34.0], [11.5, 36.0], [7.5, 36.0], [7.5, 34.0]]]",-30.0,640.0
328427,"[[[7.5, 34.0], [11.5, 34.0], [11.5, 36.0], [7.5, 36.0], [7.5, 34.0]]]",-30.0,640.0
328428,"[[[7.5, 34.0], [11.5, 34.0], [11.5, 36.0], [7.5, 36.0], [7.5, 34.0]]]",-30.0,640.0
328430,"[[[7.5, 34.0], [11.5, 34.0], [11.5, 36.0], [7.5, 36.0], [7.5, 34.0]]]",-30.0,640.0
328431,"[[[7.5, 34.0], [11.5, 34.0], [11.5, 36.0], [7.5, 36.0], [7.5, 34.0]]]",-30.0,640.0
328432,"[[[7.5, 34.0], [11.5, 34.0], [11.5, 36.0], [7.5, 36.0], [7.5, 34.0]]]",-30.0,640.0
328433,"[[[7.5, 34.0], [11.5, 34.0], [11.5, 36.0], [7.5, 36.0], [7.5, 34.0]]]",-30.0,640.0
328434,"[[[7.5, 34.0], [11.5, 34.0], [11.5, 36.0], [7.5, 36.0], [7.5, 34.0]]]",-30.0,640.0
328435,"[[[7.5, 34.0], [11.5, 34.0], [11.5, 36.0], [7.5, 36.0], [7.5, 34.0]]]",-30.0,640.0
328436,"[[[7.5, 34.0], [11.5, 34.0], [11.5, 36.0], [7.5, 36.0], [7.5, 34.0]]]",-30.0,640.0
171387,"[[[3.0, 44.0], [7.5, 44.0], [7.5, 46.5], [3.0, 46.5], [3.0, 44.0]]]",-30.0,640.0
171388,"[[[3.0, 44.0], [7.5, 44.0], [7.5, 46.5], [3.0, 46.5], [3.0, 44.0]]]",-30.0,640.0
171389,"[[[3.0, 44.0], [7.5, 44.0], [7.5, 46.5], [3.0, 46.5], [3.0, 44.0]]]",-30.0,640.0
171390,"[[[3.0, 44.0], [7.5, 44.0], [7.5, 46.5], [3.0, 46.5], [3.0, 44.0]]]",-30.0,640.0
171391,"[[[3.0, 44.0], [7.5, 44.0], [7.5, 46.5], [3.0, 46.5], [3.0, 44.0]]]",-30.0,640.0
171392,"[[[3.0, 44.0], [7.5, 44.0], [7.5, 46.5], [3.0, 46.5], [3.0, 44.0]]]",-30.0,640.0
171393,"[[[3.0, 44.0], [7.5, 44.0], [7.5, 46.5], [3.0, 46.5], [3.0, 44.0]]]",-30.0,640.0
171394,"[[[3.0, 44.0], [7.5, 44.0], [7.5, 46.5], [3.0, 46.5], [3.0, 44.0]]]",-30.0,640.0
171395,"[[[3.0, 44.0], [7.5, 44.0], [7.5, 46.5], [3.0, 46.5], [3.0, 44.0]]]",-30.0,640.0
171396,"[[[3.0, 44.0], [7.5, 44.0], [7.5, 46.5], [3.0, 46.5], [3.0, 44.0]]]",-30.0,640.0
171397,"[[[3.0, 44.0], [7.5, 44.0], [7.5, 46.5], [3.0, 46.5], [3.0, 44.0]]]",-30.0,640.0
171398,"[[[3.0, 44.0], [7.5, 44.0], [7.5, 46.5], [3.0, 46.5], [3.0, 44.0]]]",-30.0,640.0
171399,"[[[3.0, 44.0], [7.5, 44.0], [7.5, 46.5], [3.0, 46.5], [3.0, 44.0]]]",-30.0,640.0
171400,"[[[3.0, 44.0], [7.5, 44.0], [7.5, 46.5], [3.0, 46.5], [3.0, 44.0]]]",-30.0,640.0
171401,"[[[3.0, 44.0], [7.5, 44.0], [7.5, 46.5], [3.0, 46.5], [3.0, 44.0]]]",-30.0,640.0
171402,"[[[3.0, 44.0], [7.5, 44.0], [7.5, 46.5], [3.0, 46.5], [3.0, 44.0]]]",-30.0,640.0
171403,"[[[3.0, 44.0], [7.5, 44.0], [7.5, 46.5], [3.0, 46.5], [3.0, 44.0]]]",-30.0,640.0
171404,"[[[3.0, 44.0], [7.5, 44.0], [7.5, 46.5], [3.0, 46.5], [3.0, 44.0]]]",-30.0,640.0
171405,"[[[3.0, 44.0], [7.5, 44.0], [7.5, 46.5], [3.0, 46.5], [3.0, 44.0]]]",-30.0,640.0
171406,"[[[3.0, 44.0], [7.5, 44.0], [7.5, 46.5], [3.0, 46.5], [3.0, 44.0]]]",-30.0,640.0
171407,"[[[3.0, 44.0], [7.5, 44.0], [7.5, 46.5], [3.0, 46.5], [3.0, 44.0]]]",-30.0,640.0
171408,"[[[3.0, 44.0], [7.5, 44.0], [7.5, 46.5], [3.0, 46.5], [3.0, 44.0]]]",-30.0,640.0
171409,"[[[3.0, 44.0], [7.5, 44.0], [7.5, 46.5], [3.0, 46.5], [3.0, 44.0]]]",-30.0,640.0
171410,"[[[3.0, 44.0], [7.5, 44.0], [7.5, 46.5], [3.0, 46.5], [3.0, 44.0]]]",-30.0,640.0
171411,"[[[3.0, 44.0], [7.5, 44.0], [7.5, 46.5], [3.0, 46.5], [3.0, 44.0]]]",-30.0,640.0
171412,"[[[3.0, 44.0], [7.5, 44.0], [7.5, 46.5], [3.0, 46.5], [3.0, 44.0]]]",-30.0,640.0
171413,"[[[3.0, 44.0], [7.5, 44.0], [7.5, 46.5], [3.0, 46.5], [3.0, 44.0]]]",-30.0,640.0
171414,"[[[3.0, 44.0], [7.5, 44.0], [7.5, 46.5], [3.0, 46.5], [3.0, 44.0]]]",-30.0,640.0
171415,"[[[3.0, 44.0], [7.5, 44.0], [7.5, 46.5], [3.0, 46.5], [3.0, 44.0]]]",-30.0,640.0
171416,"[[[3.0, 44.0], [7.5, 44.0], [7.5, 46.5], [3.0, 46.5], [3.0, 44.0]]]",-30.0,640.0
171417,"[[[3.0, 44.0], [7.5, 44.0], [7.5, 46.5], [3.0, 46.5], [3.0, 44.0]]]",-30.0,640.0
171418,"[[[3.0, 44.0], [7.5, 44.0], [7.5, 46.5], [3.0, 46.5], [3.0, 44.0]]]",-30.0,640.0
171419,"[[[3.0, 44.0], [7.5, 44.0], [7.5, 46.5], [3.0, 46.5], [3.0, 44.0]]]",-30.0,640.0
171420,"[[[3.0, 44.0], [7.5, 44.0], [7.5, 46.5], [3.0, 46.5], [3.0, 44.0]]]",-30.0,640.0
171421,"[[[3.0, 44.0], [7.5, 44.0], [7.5, 46.5], [3.0, 46.5], [3.0, 44.0]]]",-30.0,640.0
171422,"[[[3.0, 44.0], [7.5, 44.0], [7.5, 46.5], [3.0, 46.5], [3.0, 44.0]]]",-30.0,640.0
171423,"[[[3.0, 44.0], [7.5, 44.0], [7.5, 46.5], [3.0, 46.5], [3.0, 44.0]]]",-30.0,640.0
171424,"[[[3.0, 44.0], [7.5, 44.0], [7.5, 46.5], [3.0, 46.5], [3.0, 44.0]]]",-30.0,640.0
171425,"[[[3.0, 44.0], [7.5, 44.0], [7.5, 46.5], [3.0, 46.5], [3.0, 44.0]]]",-30.0,640.0
171426,"[[[3.0, 44.0], [7.5, 44.0], [7.5, 46.5], [3.0, 46.5], [3.0, 44.0]]]",-30.0,640.0
171427,"[[[3.0, 44.0], [7.5, 44.0], [7.5, 46.5], [3.0, 46.5], [3.0, 44.0]]]",-30.0,640.0
171428,"[[[3.0, 44.0], [7.5, 44.0], [7.5, 46.5], [3.0, 46.5], [3.0, 44.0]]]",-30.0,640.0
171429,"[[[3.0, 44.0], [7.5, 44.0], [7.5, 46.5], [3.0, 46.5], [3.0, 44.0]]]",-30.0,640.0
171430,"[[[3.0, 44.0], [7.5, 44.0], [7.5, 46.5], [3.0, 46.5], [3.0, 44.0]]]",-30.0,640.0
171431,"[[[3.0, 44.0], [7.5, 44.0], [7.5, 46.5], [3.0, 46.5], [3.0, 44.0]]]",-30.0,640.0
171432,"[[[3.0, 44.0], [7.5, 44.0], [7.5, 46.5], [3.0, 46.5], [3.0, 44.0]]]",-30.0,640.0
171433,"[[[3.0, 44.0], [7.5, 44.0], [7.5, 46.5], [3.0, 46.5], [3.0, 44.0]]]",-30.0,640.0
171434,"[[[3.0, 44.0], [7.5, 44.0], [7.5, 46.5], [3.0, 46.5], [3.0, 44.0]]]",-30.0,640.0
171435,"[[[3.0, 44.0], [7.5, 44.0], [7.5, 46.5], [3.0, 46.5], [3.0, 44.0]]]",-30.0,640.0
171436,"[[[3.0, 44.0], [7.5, 44.0], [7.5, 46.5], [3.0, 46.5], [3.0, 44.0]]]",-30.0,640.0
171437,"[[[3.0, 44.0], [7.5, 44.0], [7.5, 46.5], [3.0, 46.5], [3.0, 44.0]]]",-30.0,640.0
171438,"[[[3.0, 44.0], [7.5, 44.0], [7.5, 46.5], [3.0, 46.5], [3.0, 44.0]]]",-30.0,640.0
171439,"[[[3.0, 44.0], [7.5, 44.0], [7.5, 46.5], [3.0, 46.5], [3.0, 44.0]]]",-30.0,640.0
171440,"[[[3.0, 44.0], [7.5, 44.0], [7.5, 46.5], [3.0, 46.5], [3.0, 44.0]]]",-30.0,640.0
171441,"[[[3.0, 44.0], [7.5, 44.0], [7.5, 46.5], [3.0, 46.5], [3.0, 44.0]]]",-30.0,640.0
171442,"[[[3.0, 44.0], [7.5, 44.0], [7.5, 46.5], [3.0, 46.5], [3.0, 44.0]]]",-30.0,640.0
171443,"[[[3.0, 44.0], [7.5, 44.0], [7.5, 46.5], [3.0, 46.5], [3.0, 44.0]]]",-30.0,640.0
171444,"[[[3.0, 44.0], [7.5, 44.0], [7.5, 46.5], [3.0, 46.5], [3.0, 44.0]]]",-30.0,640.0
180448,"[[[3.0, 45.0], [9.0, 45.0], [9.0, 49.0], [3.0, 49.0], [3.0, 45.0]]]",-30.0,640.0
180449,"[[[3.0, 45.0], [9.0, 45.0], [9.0, 49.0], [3.0, 49.0], [3.0, 45.0]]]",-30.0,640.0
180450,"[[[3.0, 45.0], [9.0, 45.0], [9.0, 49.0], [3.0, 49.0], [3.0, 45.0]]]",-30.0,640.0
180451,"[[[3.0, 45.0], [9.0, 45.0], [9.0, 49.0], [3.0, 49.0], [3.0, 45.0]]]",-30.0,640.0
180452,"[[[3.0, 45.0], [9.0, 45.0], [9.0, 49.0], [3.0, 49.0], [3.0, 45.0]]]",-30.0,640.0
180453,"[[[3.0, 45.0], [9.0, 45.0], [9.0, 49.0], [3.0, 49.0], [3.0, 45.0]]]",-30.0,640.0
180454,"[[[3.0, 45.0], [9.0, 45.0], [9.0, 49.0], [3.0, 49.0], [3.0, 45.0]]]",-30.0,640.0
180455,"[[[3.0, 45.0], [9.0, 45.0], [9.0, 49.0], [3.0, 49.0], [3.0, 45.0]]]",-30.0,640.0
180456,"[[[3.0, 45.0], [9.0, 45.0], [9.0, 49.0], [3.0, 49.0], [3.0, 45.0]]]",-30.0,640.0
180457,"[[[3.0, 45.0], [9.0, 45.0], [9.0, 49.0], [3.0, 49.0], [3.0, 45.0]]]",-30.0,640.0
180458,"[[[3.0, 45.0], [9.0, 45.0], [9.0, 49.0], [3.0, 49.0], [3.0, 45.0]]]",-30.0,640.0
180459,"[[[3.0, 45.0], [9.0, 45.0], [9.0, 49.0], [3.0, 49.0], [3.0, 45.0]]]",-30.0,640.0
180460,"[[[3.0, 45.0], [9.0, 45.0], [9.0, 49.0], [3.0, 49.0], [3.0, 45.0]]]",-30.0,640.0
180461,"[[[3.0, 45.0], [9.0, 45.0], [9.0, 49.0], [3.0, 49.0], [3.0, 45.0]]]",-30.0,640.0
180462,"[[[3.0, 45.0], [9.0, 45.0], [9.0, 49.0], [3.0, 49.0], [3.0, 45.0]]]",-30.0,640.0
180463,"[[[3.0, 45.0], [9.0, 45.0], [9.0, 49.0], [3.0, 49.0], [3.0, 45.0]]]",-30.0,640.0
180464,"[[[3.0, 45.0], [9.0, 45.0], [9.0, 49.0], [3.0, 49.0], [3.0, 45.0]]]",-30.0,640.0
180465,"[[[3.0, 45.0], [9.0, 45.0], [9.0, 49.0], [3.0, 49.0], [3.0, 45.0]]]",-30.0,640.0
180468,"[[[3.0, 45.0], [9.0, 45.0], [9.0, 49.0], [3.0, 49.0], [3.0, 45.0]]]",-30.0,640.0
180469,"[[[3.0, 45.0], [9.0, 45.0], [9.0, 49.0], [3.0, 49.0], [3.0, 45.0]]]",-30.0,640.0
180470,"[[[3.0, 45.0], [9.0, 45.0], [9.0, 49.0], [3.0, 49.0], [3.0, 45.0]]]",-30.0,640.0
180471,"[[[3.0, 45.0], [9.0, 45.0], [9.0, 49.0], [3.0, 49.0], [3.0, 45.0]]]",-30.0,640.0
180472,"[[[3.0, 45.0], [9.0, 45.0], [9.0, 49.0], [3.0, 49.0], [3.0, 45.0]]]",-30.0,640.0
180473,"[[[3.0, 45.0], [9.0, 45.0], [9.0, 49.0], [3.0, 49.0], [3.0, 45.0]]]",-30.0,640.0
180474,"[[[3.0, 45.0], [9.0, 45.0], [9.0, 49.0], [3.0, 49.0], [3.0, 45.0]]]",-30.0,640.0
180475,"[[[3.0, 45.0], [9.0, 45.0], [9.0, 49.0], [3.0, 49.0], [3.0, 45.0]]]",-30.0,640.0
180476,"[[[3.0, 45.0], [9.0, 45.0], [9.0, 49.0], [3.0, 49.0], [3.0, 45.0]]]",-30.0,640.0
180477,"[[[3.0, 45.0], [9.0, 45.0], [9.0, 49.0], [3.0, 49.0], [3.0, 45.0]]]",-30.0,640.0
180478,"[[[3.0, 45.0], [9.0, 45.0], [9.0, 49.0], [3.0, 49.0], [3.0, 45.0]]]",-30.0,640.0
180479,"[[[3.0, 45.0], [9.0, 45.0], [9.0, 49.0], [3.0, 49.0], [3.0, 45.0]]]",-30.0,640.0
180480,"[[[3.0, 45.0], [9.0, 45.0], [9.0, 49.0], [3.0, 49.0], [3.0, 45.0]]]",-30.0,640.0
180481,"[[[3.0, 45.0], [9.0, 45.0], [9.0, 49.0], [3.0, 49.0], [3.0, 45.0]]]",-30.0,640.0
180482,"[[[3.0, 45.0], [9.0, 45.0], [9.0, 49.0], [3.0, 49.0], [3.0, 45.0]]]",-30.0,640.0
180483,"[[[3.0, 45.0], [9.0, 45.0], [9.0, 49.0], [3.0, 49.0], [3.0, 45.0]]]",-30.0,640.0
180484,"[[[3.0, 45.0], [9.0, 45.0], [9.0, 49.0], [3.0, 49.0], [3.0, 45.0]]]",-30.0,640.0
180485,"[[[3.0, 45.0], [9.0, 45.0], [9.0, 49.0], [3.0, 49.0], [3.0, 45.0]]]",-30.0,640.0
180486,"[[[3.0, 45.0], [9.0, 45.0], [9.0, 49.0], [3.0, 49.0], [3.0, 45.0]]]",-30.0,640.0
180487,"[[[3.0, 45.0], [9.0, 45.0], [9.0, 49.0], [3.0, 49.0], [3.0, 45.0]]]",-30.0,640.0
180488,"[[[3.0, 45.0], [9.0, 45.0], [9.0, 49.0], [3.0, 49.0], [3.0, 45.0]]]",-30.0,640.0
33309869,"[[44.4247627, 32.5365074], [44.4241726, 32.5384566], [44.4234806, 32.5405233], [44.4224174, 32.5433693], [44.4226816, 32.5434291], [44.4227511, 32.5432502], [44.4232768, 32.5418664], [44.423824, 32.5399173], [44.4247627, 32.5365074]]",-720.0,-100.0
152699900,"[12.4833855, 41.8920927]",-750.0,640.0
928652,"[[[50.0, 28.0], [54.0, 28.0], [54.0, 33.0], [50.0, 33.0], [50.0, 28.0]]]",-550.0,-30.0
129107,"[[[15.0, 47.0], [25.0, 47.0], [25.0, 52.0], [15.0, 52.0], [15.0, 47.0]]]",-30.0,640.0
129108,"[[[15.0, 47.0], [25.0, 47.0], [25.0, 52.0], [15.0, 52.0], [15.0, 47.0]]]",-30.0,640.0
129109,"[[[15.0, 47.0], [25.0, 47.0], [25.0, 52.0], [15.0, 52.0], [15.0, 47.0]]]",-30.0,640.0
129110,"[[[15.0, 47.0], [25.0, 47.0], [25.0, 52.0], [15.0, 52.0], [15.0, 47.0]]]",-30.0,640.0
129111,"[[[15.0, 47.0], [25.0, 47.0], [25.0, 52.0], [15.0, 52.0], [15.0, 47.0]]]",-30.0,640.0
129112,"[[[15.0, 47.0], [25.0, 47.0], [25.0, 52.0], [15.0, 52.0], [15.0, 47.0]]]",-30.0,640.0
210647,"[[[18.0, 42.0], [25.0, 42.0], [25.0, 49.0], [18.0, 49.0], [18.0, 42.0]]]",-30.0,640.0
210648,"[[[18.0, 42.0], [25.0, 42.0], [25.0, 49.0], [18.0, 49.0], [18.0, 42.0]]]",-30.0,640.0
210649,"[[[18.0, 42.0], [25.0, 42.0], [25.0, 49.0], [18.0, 49.0], [18.0, 42.0]]]",-30.0,640.0
210650,"[[[18.0, 42.0], [25.0, 42.0], [25.0, 49.0], [18.0, 49.0], [18.0, 42.0]]]",-30.0,640.0
210651,"[[[18.0, 42.0], [25.0, 42.0], [25.0, 49.0], [18.0, 49.0], [18.0, 42.0]]]",-30.0,640.0
210652,"[[[18.0, 42.0], [25.0, 42.0], [25.0, 49.0], [18.0, 49.0], [18.0, 42.0]]]",-30.0,640.0
210653,"[[[18.0, 42.0], [25.0, 42.0], [25.0, 49.0], [18.0, 49.0], [18.0, 42.0]]]",-30.0,640.0
210654,"[[[18.0, 42.0], [25.0, 42.0], [25.0, 49.0], [18.0, 49.0], [18.0, 42.0]]]",-30.0,640.0
210655,"[[[18.0, 42.0], [25.0, 42.0], [25.0, 49.0], [18.0, 49.0], [18.0, 42.0]]]",-30.0,640.0
210656,"[[[18.0, 42.0], [25.0, 42.0], [25.0, 49.0], [18.0, 49.0], [18.0, 42.0]]]",-30.0,640.0
210657,"[[[18.0, 42.0], [25.0, 42.0], [25.0, 49.0], [18.0, 49.0], [18.0, 42.0]]]",-30.0,640.0
210658,"[[[18.0, 42.0], [25.0, 42.0], [25.0, 49.0], [18.0, 49.0], [18.0, 42.0]]]",-30.0,640.0
210659,"[[[18.0, 42.0], [25.0, 42.0], [25.0, 49.0], [18.0, 49.0], [18.0, 42.0]]]",-30.0,300.0
210660,"[[[18.0, 42.0], [25.0, 42.0], [25.0, 49.0], [18.0, 49.0], [18.0, 42.0]]]",-30.0,640.0
210661,"[[[18.0, 42.0], [25.0, 42.0], [25.0, 49.0], [18.0, 49.0], [18.0, 42.0]]]",-30.0,640.0
210662,"[[[18.0, 42.0], [25.0, 42.0], [25.0, 49.0], [18.0, 49.0], [18.0, 42.0]]]",-30.0,640.0
210663,"[[[18.0, 42.0], [25.0, 42.0], [25.0, 49.0], [18.0, 49.0], [18.0, 42.0]]]",-30.0,640.0
210664,"[[[18.0, 42.0], [25.0, 42.0], [25.0, 49.0], [18.0, 49.0], [18.0, 42.0]]]",-30.0,640.0
210665,"[[[18.0, 42.0], [25.0, 42.0], [25.0, 49.0], [18.0, 49.0], [18.0, 42.0]]]",-30.0,640.0
210666,"[[[18.0, 42.0], [25.0, 42.0], [25.0, 49.0], [18.0, 49.0], [18.0, 42.0]]]",-30.0,640.0
210667,"[[[18.0, 42.0], [25.0, 42.0], [25.0, 49.0], [18.0, 49.0], [18.0, 42.0]]]",-30.0,640.0
210668,"[[[18.0, 42.0], [25.0, 42.0], [25.0, 49.0], [18.0, 49.0], [18.0, 42.0]]]",-30.0,640.0
210669,"[[[18.0, 42.0], [25.0, 42.0], [25.0, 49.0], [18.0, 49.0], [18.0, 42.0]]]",-30.0,640.0
210670,"[[[18.0, 42.0], [25.0, 42.0], [25.0, 49.0], [18.0, 49.0], [18.0, 42.0]]]",-30.0,640.0
210671,"[[[18.0, 42.0], [25.0, 42.0], [25.0, 49.0], [18.0, 49.0], [18.0, 42.0]]]",-30.0,640.0
210672,"[[[18.0, 42.0], [25.0, 42.0], [25.0, 49.0], [18.0, 49.0], [18.0, 42.0]]]",-30.0,640.0
210673,"[[[18.0, 42.0], [25.0, 42.0], [25.0, 49.0], [18.0, 49.0], [18.0, 42.0]]]",-30.0,640.0
210674,"[[[18.0, 42.0], [25.0, 42.0], [25.0, 49.0], [18.0, 49.0], [18.0, 42.0]]]",-30.0,640.0
210675,"[[[18.0, 42.0], [25.0, 42.0], [25.0, 49.0], [18.0, 49.0], [18.0, 42.0]]]",-30.0,640.0
210676,"[[[18.0, 42.0], [25.0, 42.0], [25.0, 49.0], [18.0, 49.0], [18.0, 42.0]]]",-30.0,640.0
210677,"[[[18.0, 42.0], [25.0, 42.0], [25.0, 49.0], [18.0, 49.0], [18.0, 42.0]]]",-30.0,640.0
210678,"[[[18.0, 42.0], [25.0, 42.0], [25.0, 49.0], [18.0, 49.0], [18.0, 42.0]]]",-30.0,640.0
210679,"[[[18.0, 42.0], [25.0, 42.0], [25.0, 49.0], [18.0, 49.0], [18.0, 42.0]]]",-30.0,640.0
210680,"[[[18.0, 42.0], [25.0, 42.0], [25.0, 49.0], [18.0, 49.0], [18.0, 42.0]]]",-30.0,640.0
210681,"[[[18.0, 42.0], [25.0, 42.0], [25.0, 49.0], [18.0, 49.0], [18.0, 42.0]]]",-30.0,640.0
210682,"[[[18.0, 42.0], [25.0, 42.0], [25.0, 49.0], [18.0, 49.0], [18.0, 42.0]]]",-30.0,640.0
210683,"[[[18.0, 42.0], [25.0, 42.0], [25.0, 49.0], [18.0, 49.0], [18.0, 42.0]]]",-30.0,640.0
210684,"[[[18.0, 42.0], [25.0, 42.0], [25.0, 49.0], [18.0, 49.0], [18.0, 42.0]]]",-30.0,640.0
210685,"[[[18.0, 42.0], [25.0, 42.0], [25.0, 49.0], [18.0, 49.0], [18.0, 42.0]]]",-30.0,640.0
210686,"[[[18.0, 42.0], [25.0, 42.0], [25.0, 49.0], [18.0, 49.0], [18.0, 42.0]]]",-30.0,640.0
210687,"[[[18.0, 42.0], [25.0, 42.0], [25.0, 49.0], [18.0, 49.0], [18.0, 42.0]]]",-30.0,640.0
210688,"[[[18.0, 42.0], [25.0, 42.0], [25.0, 49.0], [18.0, 49.0], [18.0, 42.0]]]",-30.0,640.0
210689,"[[[18.0, 42.0], [25.0, 42.0], [25.0, 49.0], [18.0, 49.0], [18.0, 42.0]]]",-30.0,640.0
210690,"[[[18.0, 42.0], [25.0, 42.0], [25.0, 49.0], [18.0, 49.0], [18.0, 42.0]]]",-30.0,640.0
210691,"[[[18.0, 42.0], [25.0, 42.0], [25.0, 49.0], [18.0, 49.0], [18.0, 42.0]]]",-30.0,640.0
210692,"[[[18.0, 42.0], [25.0, 42.0], [25.0, 49.0], [18.0, 49.0], [18.0, 42.0]]]",-30.0,640.0
210693,"[[[18.0, 42.0], [25.0, 42.0], [25.0, 49.0], [18.0, 49.0], [18.0, 42.0]]]",-30.0,640.0
210694,"[[[18.0, 42.0], [25.0, 42.0], [25.0, 49.0], [18.0, 49.0], [18.0, 42.0]]]",-30.0,640.0
210695,"[[[18.0, 42.0], [25.0, 42.0], [25.0, 49.0], [18.0, 49.0], [18.0, 42.0]]]",-30.0,640.0
210696,"[[[18.0, 42.0], [25.0, 42.0], [25.0, 49.0], [18.0, 49.0], [18.0, 42.0]]]",-30.0,640.0
210697,"[[[18.0, 42.0], [25.0, 42.0], [25.0, 49.0], [18.0, 49.0], [18.0, 42.0]]]",-30.0,640.0
210698,"[[[18.0, 42.0], [25.0, 42.0], [25.0, 49.0], [18.0, 49.0], [18.0, 42.0]]]",-30.0,640.0
210699,"[[[18.0, 42.0], [25.0, 42.0], [25.0, 49.0], [18.0, 49.0], [18.0, 42.0]]]",-30.0,640.0
210700,"[[[18.0, 42.0], [25.0, 42.0], [25.0, 49.0], [18.0, 49.0], [18.0, 42.0]]]",-30.0,640.0
210701,"[[[18.0, 42.0], [25.0, 42.0], [25.0, 49.0], [18.0, 49.0], [18.0, 42.0]]]",-30.0,640.0
210702,"[[[18.0, 42.0], [25.0, 42.0], [25.0, 49.0], [18.0, 49.0], [18.0, 42.0]]]",-30.0,640.0
210703,"[[[18.0, 42.0], [25.0, 42.0], [25.0, 49.0], [18.0, 49.0], [18.0, 42.0]]]",-30.0,640.0
210704,"[[[18.0, 42.0], [25.0, 42.0], [25.0, 49.0], [18.0, 49.0], [18.0, 42.0]]]",-30.0,640.0
210705,"[[[18.0, 42.0], [25.0, 42.0], [25.0, 49.0], [18.0, 49.0], [18.0, 42.0]]]",-30.0,640.0
210706,"[[[18.0, 42.0], [25.0, 42.0], [25.0, 49.0], [18.0, 49.0], [18.0, 42.0]]]",-30.0,640.0
210707,"[[[18.0, 42.0], [25.0, 42.0], [25.0, 49.0], [18.0, 49.0], [18.0, 42.0]]]",-30.0,640.0
210709,"[[[18.0, 42.0], [25.0, 42.0], [25.0, 49.0], [18.0, 49.0], [18.0, 42.0]]]",-30.0,640.0
210710,"[[[18.0, 42.0], [25.0, 42.0], [25.0, 49.0], [18.0, 49.0], [18.0, 42.0]]]",-30.0,640.0
210711,"[[[18.0, 42.0], [25.0, 42.0], [25.0, 49.0], [18.0, 49.0], [18.0, 42.0]]]",-30.0,640.0
210712,"[[[18.0, 42.0], [25.0, 42.0], [25.0, 49.0], [18.0, 49.0], [18.0, 42.0]]]",-30.0,640.0
210713,"[[[18.0, 42.0], [25.0, 42.0], [25.0, 49.0], [18.0, 49.0], [18.0, 42.0]]]",-30.0,640.0
210714,"[[[18.0, 42.0], [25.0, 42.0], [25.0, 49.0], [18.0, 49.0], [18.0, 42.0]]]",-30.0,640.0
210715,"[[[18.0, 42.0], [25.0, 42.0], [25.0, 49.0], [18.0, 49.0], [18.0, 42.0]]]",-30.0,640.0
210716,"[[[18.0, 42.0], [25.0, 42.0], [25.0, 49.0], [18.0, 49.0], [18.0, 42.0]]]",-30.0,640.0
210717,"[[[18.0, 42.0], [25.0, 42.0], [25.0, 49.0], [18.0, 49.0], [18.0, 42.0]]]",-30.0,640.0
210718,"[[[18.0, 42.0], [25.0, 42.0], [25.0, 49.0], [18.0, 49.0], [18.0, 42.0]]]",-30.0,640.0
210719,"[[[18.0, 42.0], [25.0, 42.0], [25.0, 49.0], [18.0, 49.0], [18.0, 42.0]]]",-30.0,640.0
210720,"[[[18.0, 42.0], [25.0, 42.0], [25.0, 49.0], [18.0, 49.0], [18.0, 42.0]]]",-30.0,640.0
210721,"[[[18.0, 42.0], [25.0, 42.0], [25.0, 49.0], [18.0, 49.0], [18.0, 42.0]]]",-30.0,640.0
210722,"[[[18.0, 42.0], [25.0, 42.0], [25.0, 49.0], [18.0, 49.0], [18.0, 42.0]]]",-30.0,300.0
210723,"[[[18.0, 42.0], [25.0, 42.0], [25.0, 49.0], [18.0, 49.0], [18.0, 42.0]]]",-30.0,300.0
210724,"[[[18.0, 42.0], [25.0, 42.0], [25.0, 49.0], [18.0, 49.0], [18.0, 42.0]]]",-30.0,640.0
210725,"[[[18.0, 42.0], [25.0, 42.0], [25.0, 49.0], [18.0, 49.0], [18.0, 42.0]]]",-30.0,300.0
210726,"[[[18.0, 42.0], [25.0, 42.0], [25.0, 49.0], [18.0, 49.0], [18.0, 42.0]]]",-30.0,300.0
210727,"[[[18.0, 42.0], [25.0, 42.0], [25.0, 49.0], [18.0, 49.0], [18.0, 42.0]]]",-30.0,300.0
210728,"[[[18.0, 42.0], [25.0, 42.0], [25.0, 49.0], [18.0, 49.0], [18.0, 42.0]]]",-30.0,300.0
210729,"[[[18.0, 42.0], [25.0, 42.0], [25.0, 49.0], [18.0, 49.0], [18.0, 42.0]]]",-30.0,300.0
210730,"[[[18.0, 42.0], [25.0, 42.0], [25.0, 49.0], [18.0, 49.0], [18.0, 42.0]]]",-30.0,300.0
210731,"[[[18.0, 42.0], [25.0, 42.0], [25.0, 49.0], [18.0, 49.0], [18.0, 42.0]]]",-30.0,300.0
210732,"[[[18.0, 42.0], [25.0, 42.0], [25.0, 49.0], [18.0, 49.0], [18.0, 42.0]]]",-30.0,300.0
210733,"[[[18.0, 42.0], [25.0, 42.0], [25.0, 49.0], [18.0, 49.0], [18.0, 42.0]]]",-30.0,300.0
210734,"[[[18.0, 42.0], [25.0, 42.0], [25.0, 49.0], [18.0, 49.0], [18.0, 42.0]]]",-30.0,300.0
210735,"[[[18.0, 42.0], [25.0, 42.0], [25.0, 49.0], [18.0, 49.0], [18.0, 42.0]]]",-30.0,300.0
210736,"[[[18.0, 42.0], [25.0, 42.0], [25.0, 49.0], [18.0, 49.0], [18.0, 42.0]]]",-30.0,300.0
210737,"[[[18.0, 42.0], [25.0, 42.0], [25.0, 49.0], [18.0, 49.0], [18.0, 42.0]]]",-30.0,300.0
210738,"[[[18.0, 42.0], [25.0, 42.0], [25.0, 49.0], [18.0, 49.0], [18.0, 42.0]]]",-30.0,300.0
210739,"[[[18.0, 42.0], [25.0, 42.0], [25.0, 49.0], [18.0, 49.0], [18.0, 42.0]]]",-30.0,300.0
210740,"[[[18.0, 42.0], [25.0, 42.0], [25.0, 49.0], [18.0, 49.0], [18.0, 42.0]]]",-30.0,300.0
210741,"[[[18.0, 42.0], [25.0, 42.0], [25.0, 49.0], [18.0, 49.0], [18.0, 42.0]]]",-30.0,300.0
210742,"[[[18.0, 42.0], [25.0, 42.0], [25.0, 49.0], [18.0, 49.0], [18.0, 42.0]]]",-30.0,300.0
210743,"[[[18.0, 42.0], [25.0, 42.0], [25.0, 49.0], [18.0, 49.0], [18.0, 42.0]]]",-30.0,300.0
210744,"[[[18.0, 42.0], [25.0, 42.0], [25.0, 49.0], [18.0, 49.0], [18.0, 42.0]]]",-30.0,300.0
210745,"[[[18.0, 42.0], [25.0, 42.0], [25.0, 49.0], [18.0, 49.0], [18.0, 42.0]]]",-30.0,300.0
210746,"[[[18.0, 42.0], [25.0, 42.0], [25.0, 49.0], [18.0, 49.0], [18.0, 42.0]]]",-30.0,300.0
210747,"[[[18.0, 42.0], [25.0, 42.0], [25.0, 49.0], [18.0, 49.0], [18.0, 42.0]]]",-30.0,300.0
210748,"[[[18.0, 42.0], [25.0, 42.0], [25.0, 49.0], [18.0, 49.0], [18.0, 42.0]]]",-30.0,300.0
210749,"[[[18.0, 42.0], [25.0, 42.0], [25.0, 49.0], [18.0, 49.0], [18.0, 42.0]]]",-30.0,300.0
210750,"[[[18.0, 42.0], [25.0, 42.0], [25.0, 49.0], [18.0, 49.0], [18.0, 42.0]]]",-30.0,300.0
210751,"[[[18.0, 42.0], [25.0, 42.0], [25.0, 49.0], [18.0, 49.0], [18.0, 42.0]]]",-30.0,300.0
506349985,"[[[-3.207, 54.8941], [-2.0043, 54.8941], [-2.0043, 55.00858], [-3.207, 55.00858], [-3.207, 54.8941]]]",-30.0,640.0
240092,"[[[-11.0, 40.0], [-3.0, 40.0], [-3.0, 44.0], [-11.0, 44.0], [-11.0, 40.0]]]",-30.0,640.0
240093,"[[[-11.0, 40.0], [-3.0, 40.0], [-3.0, 44.0], [-11.0, 44.0], [-11.0, 40.0]]]",-30.0,640.0
240094,"[[[-11.0, 40.0], [-3.0, 40.0], [-3.0, 44.0], [-11.0, 44.0], [-11.0, 40.0]]]",-30.0,640.0
240095,"[[[-11.0, 40.0], [-3.0, 40.0], [-3.0, 44.0], [-11.0, 44.0], [-11.0, 40.0]]]",-30.0,640.0
240096,"[[[-11.0, 40.0], [-3.0, 40.0], [-3.0, 44.0], [-11.0, 44.0], [-11.0, 40.0]]]",-30.0,640.0
240097,"[[[-11.0, 40.0], [-3.0, 40.0], [-3.0, 44.0], [-11.0, 44.0], [-11.0, 40.0]]]",-30.0,640.0
240099,"[[[-11.0, 40.0], [-3.0, 40.0], [-3.0, 44.0], [-11.0, 44.0], [-11.0, 40.0]]]",-30.0,640.0
240100,"[[[-11.0, 40.0], [-3.0, 40.0], [-3.0, 44.0], [-11.0, 44.0], [-11.0, 40.0]]]",-30.0,640.0
240101,"[[[-11.0, 40.0], [-3.0, 40.0], [-3.0, 44.0], [-11.0, 44.0], [-11.0, 40.0]]]",-30.0,640.0
240102,"[[[-11.0, 40.0], [-3.0, 40.0], [-3.0, 44.0], [-11.0, 44.0], [-11.0, 40.0]]]",-30.0,640.0
240103,"[[[-11.0, 40.0], [-3.0, 40.0], [-3.0, 44.0], [-11.0, 44.0], [-11.0, 40.0]]]",-30.0,640.0
240104,"[[[-11.0, 40.0], [-3.0, 40.0], [-3.0, 44.0], [-11.0, 44.0], [-11.0, 40.0]]]",-30.0,640.0
240105,"[[[-11.0, 40.0], [-3.0, 40.0], [-3.0, 44.0], [-11.0, 44.0], [-11.0, 40.0]]]",-30.0,640.0
240106,"[[[-11.0, 40.0], [-3.0, 40.0], [-3.0, 44.0], [-11.0, 44.0], [-11.0, 40.0]]]",-30.0,640.0
875802,"[[[38.0, 36.0], [47.0, 36.0], [47.0, 40.0], [38.0, 40.0], [38.0, 36.0]]]",-30.0,640.0
875803,"[[[38.0, 36.0], [47.0, 36.0], [47.0, 40.0], [38.0, 40.0], [38.0, 36.0]]]",-30.0,640.0
875804,"[[[38.0, 36.0], [47.0, 36.0], [47.0, 40.0], [38.0, 40.0], [38.0, 36.0]]]",-30.0,640.0
875805,"[[[38.0, 36.0], [47.0, 36.0], [47.0, 40.0], [38.0, 40.0], [38.0, 36.0]]]",-30.0,640.0
875806,"[[[38.0, 36.0], [47.0, 36.0], [47.0, 40.0], [38.0, 40.0], [38.0, 36.0]]]",-30.0,640.0
875807,"[[[38.0, 36.0], [47.0, 36.0], [47.0, 40.0], [38.0, 40.0], [38.0, 36.0]]]",-30.0,640.0
875808,"[[[38.0, 36.0], [47.0, 36.0], [47.0, 40.0], [38.0, 40.0], [38.0, 36.0]]]",-30.0,640.0
875809,"[[[38.0, 36.0], [47.0, 36.0], [47.0, 40.0], [38.0, 40.0], [38.0, 36.0]]]",-30.0,640.0
875810,"[[[38.0, 36.0], [47.0, 36.0], [47.0, 40.0], [38.0, 40.0], [38.0, 36.0]]]",-30.0,640.0
875811,"[[[38.0, 36.0], [47.0, 36.0], [47.0, 40.0], [38.0, 40.0], [38.0, 36.0]]]",-30.0,640.0
875812,"[[[38.0, 36.0], [47.0, 36.0], [47.0, 40.0], [38.0, 40.0], [38.0, 36.0]]]",-30.0,640.0
875813,"[[[38.0, 36.0], [47.0, 36.0], [47.0, 40.0], [38.0, 40.0], [38.0, 36.0]]]",-30.0,300.0
875814,"[[[38.0, 36.0], [47.0, 36.0], [47.0, 40.0], [38.0, 40.0], [38.0, 36.0]]]",-30.0,640.0
875815,"[[[38.0, 36.0], [47.0, 36.0], [47.0, 40.0], [38.0, 40.0], [38.0, 36.0]]]",-30.0,640.0
875816,"[[[38.0, 36.0], [47.0, 36.0], [47.0, 40.0], [38.0, 40.0], [38.0, 36.0]]]",-30.0,640.0
100417,"[[[4.0, 51.0], [14.0, 51.0], [14.0, 56.0], [4.0, 56.0], [4.0, 51.0]]]",-30.0,640.0
100418,"[[[4.0, 51.0], [14.0, 51.0], [14.0, 56.0], [4.0, 56.0], [4.0, 51.0]]]",-30.0,300.0
113252,"[[[0.0, 47.0], [9.0, 47.0], [9.0, 52.0], [0.0, 52.0], [0.0, 47.0]]]",-30.0,640.0
113253,"[[[0.0, 47.0], [9.0, 47.0], [9.0, 52.0], [0.0, 52.0], [0.0, 47.0]]]",-30.0,640.0
113254,"[[[0.0, 47.0], [9.0, 47.0], [9.0, 52.0], [0.0, 52.0], [0.0, 47.0]]]",-30.0,640.0
113255,"[[[0.0, 47.0], [9.0, 47.0], [9.0, 52.0], [0.0, 52.0], [0.0, 47.0]]]",-30.0,640.0
113256,"[[[0.0, 47.0], [9.0, 47.0], [9.0, 52.0], [0.0, 52.0], [0.0, 47.0]]]",-30.0,640.0
113257,"[[[0.0, 47.0], [9.0, 47.0], [9.0, 52.0], [0.0, 52.0], [0.0, 47.0]]]",-30.0,640.0
113258,"[[[0.0, 47.0], [9.0, 47.0], [9.0, 52.0], [0.0, 52.0], [0.0, 47.0]]]",-30.0,640.0
113259,"[[[0.0, 47.0], [9.0, 47.0], [9.0, 52.0], [0.0, 52.0], [0.0, 47.0]]]",-30.0,640.0
113260,"[[[0.0, 47.0], [9.0, 47.0], [9.0, 52.0], [0.0, 52.0], [0.0, 47.0]]]",-30.0,640.0
113261,"[[[0.0, 47.0], [9.0, 47.0], [9.0, 52.0], [0.0, 52.0], [0.0, 47.0]]]",-30.0,640.0
113262,"[[[0.0, 47.0], [9.0, 47.0], [9.0, 52.0], [0.0, 52.0], [0.0, 47.0]]]",-30.0,640.0
113263,"[[[0.0, 47.0], [9.0, 47.0], [9.0, 52.0], [0.0, 52.0], [0.0, 47.0]]]",-30.0,640.0
113264,"[[[0.0, 47.0], [9.0, 47.0], [9.0, 52.0], [0.0, 52.0], [0.0, 47.0]]]",-30.0,640.0
113265,"[[[0.0, 47.0], [9.0, 47.0], [9.0, 52.0], [0.0, 52.0], [0.0, 47.0]]]",-30.0,640.0
113266,"[[[0.0, 47.0], [9.0, 47.0], [9.0, 52.0], [0.0, 52.0], [0.0, 47.0]]]",-30.0,640.0
113267,"[[[0.0, 47.0], [9.0, 47.0], [9.0, 52.0], [0.0, 52.0], [0.0, 47.0]]]",-30.0,640.0
113269,"[[[0.0, 47.0], [9.0, 47.0], [9.0, 52.0], [0.0, 52.0], [0.0, 47.0]]]",-30.0,640.0
113270,"[[[0.0, 47.0], [9.0, 47.0], [9.0, 52.0], [0.0, 52.0], [0.0, 47.0]]]",-30.0,640.0
113271,"[[[0.0, 47.0], [9.0, 47.0], [9.0, 52.0], [0.0, 52.0], [0.0, 47.0]]]",-30.0,640.0
113272,"[[[0.0, 47.0], [9.0, 47.0], [9.0, 52.0], [0.0, 52.0], [0.0, 47.0]]]",-30.0,640.0
113273,"[[[0.0, 47.0], [9.0, 47.0], [9.0, 52.0], [0.0, 52.0], [0.0, 47.0]]]",-30.0,640.0
113274,"[[[0.0, 47.0], [9.0, 47.0], [9.0, 52.0], [0.0, 52.0], [0.0, 47.0]]]",-30.0,640.0
113275,"[[[0.0, 47.0], [9.0, 47.0], [9.0, 52.0], [0.0, 52.0], [0.0, 47.0]]]",-30.0,640.0
113276,"[[[0.0, 47.0], [9.0, 47.0], [9.0, 52.0], [0.0, 52.0], [0.0, 47.0]]]",-30.0,640.0
113277,"[[[0.0, 47.0], [9.0, 47.0], [9.0, 52.0], [0.0, 52.0], [0.0, 47.0]]]",-30.0,640.0
113278,"[[[0.0, 47.0], [9.0, 47.0], [9.0, 52.0], [0.0, 52.0], [0.0, 47.0]]]",-30.0,640.0
113279,"[[[0.0, 47.0], [9.0, 47.0], [9.0, 52.0], [0.0, 52.0], [0.0, 47.0]]]",-30.0,640.0
113280,"[[[0.0, 47.0], [9.0, 47.0], [9.0, 52.0], [0.0, 52.0], [0.0, 47.0]]]",-30.0,640.0
113281,"[[[0.0, 47.0], [9.0, 47.0], [9.0, 52.0], [0.0, 52.0], [0.0, 47.0]]]",-30.0,640.0
113282,"[[[0.0, 47.0], [9.0, 47.0], [9.0, 52.0], [0.0, 52.0], [0.0, 47.0]]]",-30.0,640.0
113283,"[[[0.0, 47.0], [9.0, 47.0], [9.0, 52.0], [0.0, 52.0], [0.0, 47.0]]]",-30.0,640.0
113284,"[[[0.0, 47.0], [9.0, 47.0], [9.0, 52.0], [0.0, 52.0], [0.0, 47.0]]]",-30.0,640.0
113285,"[[[0.0, 47.0], [9.0, 47.0], [9.0, 52.0], [0.0, 52.0], [0.0, 47.0]]]",-30.0,640.0
113286,"[[[0.0, 47.0], [9.0, 47.0], [9.0, 52.0], [0.0, 52.0], [0.0, 47.0]]]",-30.0,640.0
113287,"[[[0.0, 47.0], [9.0, 47.0], [9.0, 52.0], [0.0, 52.0], [0.0, 47.0]]]",-30.0,640.0
113288,"[[[0.0, 47.0], [9.0, 47.0], [9.0, 52.0], [0.0, 52.0], [0.0, 47.0]]]",-30.0,640.0
113289,"[[[0.0, 47.0], [9.0, 47.0], [9.0, 52.0], [0.0, 52.0], [0.0, 47.0]]]",-30.0,640.0
113290,"[[[0.0, 47.0], [9.0, 47.0], [9.0, 52.0], [0.0, 52.0], [0.0, 47.0]]]",-30.0,640.0
113291,"[[[0.0, 47.0], [9.0, 47.0], [9.0, 52.0], [0.0, 52.0], [0.0, 47.0]]]",-30.0,640.0
113292,"[[[0.0, 47.0], [9.0, 47.0], [9.0, 52.0], [0.0, 52.0], [0.0, 47.0]]]",-30.0,640.0
113293,"[[[0.0, 47.0], [9.0, 47.0], [9.0, 52.0], [0.0, 52.0], [0.0, 47.0]]]",-30.0,640.0
113294,"[[[0.0, 47.0], [9.0, 47.0], [9.0, 52.0], [0.0, 52.0], [0.0, 47.0]]]",-30.0,640.0
113295,"[[2.1992401, 49.0088091], [2.1993856, 49.0087552], [2.1994535, 49.008731], [2.1995912, 49.0086797], [2.1999917, 49.0085375], [2.2000604, 49.0085131], [2.2000852, 49.0085055], [2.2001713, 49.008479], [2.2003812, 49.0084084], [2.2003988, 49.0084019], [2.2005418, 49.0083494], [2.2013649, 49.0080658], [2.2015058, 49.0080167], [2.2016609, 49.0079637], [2.2018779, 49.0078895], [2.2021549, 49.0077948], [2.202255, 49.0077606], [2.2023057, 49.0077435], [2.2023506, 49.0077284], [2.2028506, 49.0075601], [2.2029001, 49.0075434], [2.2029261, 49.0075347], [2.2029814, 49.007516], [2.2036261, 49.0072948], [2.2036392, 49.0072903], [2.2036725, 49.0072789], [2.2037635, 49.0072477], [2.2038174, 49.0072292], [2.2040068, 49.0071642], [2.2042832, 49.0070692], [2.2045712, 49.0069704], [2.2048561, 49.0068727], [2.2050688, 49.0067998], [2.2052112, 49.006751], [2.2053589, 49.0067003], [2.2054145, 49.0066812], [2.2054516, 49.0066685], [2.2055854, 49.0066242], [2.2058439, 49.0065412], [2.2059872, 49.0064935]]",-30.0,300.0
113296,"[[[0.0, 47.0], [9.0, 47.0], [9.0, 52.0], [0.0, 52.0], [0.0, 47.0]]]",-30.0,640.0
113297,"[[[0.0, 47.0], [9.0, 47.0], [9.0, 52.0], [0.0, 52.0], [0.0, 47.0]]]",-30.0,640.0
113298,"[[[0.0, 47.0], [9.0, 47.0], [9.0, 52.0], [0.0, 52.0], [0.0, 47.0]]]",-30.0,640.0
113299,"[[[0.0, 47.0], [9.0, 47.0], [9.0, 52.0], [0.0, 52.0], [0.0, 47.0]]]",-30.0,640.0
113300,"[[[0.0, 47.0], [9.0, 47.0], [9.0, 52.0], [0.0, 52.0], [0.0, 47.0]]]",-30.0,640.0
113301,"[[[0.0, 47.0], [9.0, 47.0], [9.0, 52.0], [0.0, 52.0], [0.0, 47.0]]]",-30.0,640.0
113302,"[[[0.0, 47.0], [9.0, 47.0], [9.0, 52.0], [0.0, 52.0], [0.0, 47.0]]]",-30.0,640.0
113303,"[[[0.0, 47.0], [9.0, 47.0], [9.0, 52.0], [0.0, 52.0], [0.0, 47.0]]]",-30.0,640.0
113305,"[[[0.0, 47.0], [9.0, 47.0], [9.0, 52.0], [0.0, 52.0], [0.0, 47.0]]]",-30.0,640.0
113306,"[[[0.0, 47.0], [9.0, 47.0], [9.0, 52.0], [0.0, 52.0], [0.0, 47.0]]]",-30.0,300.0
113307,"[[[0.0, 47.0], [9.0, 47.0], [9.0, 52.0], [0.0, 52.0], [0.0, 47.0]]]",-30.0,300.0
113308,"[[[0.0, 47.0], [9.0, 47.0], [9.0, 52.0], [0.0, 52.0], [0.0, 47.0]]]",-30.0,300.0
113309,"[[[0.0, 47.0], [9.0, 47.0], [9.0, 52.0], [0.0, 52.0], [0.0, 47.0]]]",-30.0,300.0
113310,"[[[0.0, 47.0], [9.0, 47.0], [9.0, 52.0], [0.0, 52.0], [0.0, 47.0]]]",-30.0,300.0
113311,"[[[0.0, 47.0], [9.0, 47.0], [9.0, 52.0], [0.0, 52.0], [0.0, 47.0]]]",-30.0,300.0
113312,"[[[0.0, 47.0], [9.0, 47.0], [9.0, 52.0], [0.0, 52.0], [0.0, 47.0]]]",-30.0,640.0
113313,"[[[0.0, 47.0], [9.0, 47.0], [9.0, 52.0], [0.0, 52.0], [0.0, 47.0]]]",-30.0,640.0
113314,"[[[0.0, 47.0], [9.0, 47.0], [9.0, 52.0], [0.0, 52.0], [0.0, 47.0]]]",-30.0,640.0
113315,"[[[0.0, 47.0], [9.0, 47.0], [9.0, 52.0], [0.0, 52.0], [0.0, 47.0]]]",-30.0,640.0
113316,"[[[0.0, 47.0], [9.0, 47.0], [9.0, 52.0], [0.0, 52.0], [0.0, 47.0]]]",-30.0,640.0
113317,"[[[0.0, 47.0], [9.0, 47.0], [9.0, 52.0], [0.0, 52.0], [0.0, 47.0]]]",-30.0,640.0
113318,"[[[0.0, 47.0], [9.0, 47.0], [9.0, 52.0], [0.0, 52.0], [0.0, 47.0]]]",-30.0,640.0
113319,"[[[0.0, 47.0], [9.0, 47.0], [9.0, 52.0], [0.0, 52.0], [0.0, 47.0]]]",-30.0,640.0
113320,"[[[0.0, 47.0], [9.0, 47.0], [9.0, 52.0], [0.0, 52.0], [0.0, 47.0]]]",-30.0,640.0
113321,"[[[0.0, 47.0], [9.0, 47.0], [9.0, 52.0], [0.0, 52.0], [0.0, 47.0]]]",-30.0,640.0
113322,"[[[0.0, 47.0], [9.0, 47.0], [9.0, 52.0], [0.0, 52.0], [0.0, 47.0]]]",-30.0,640.0
113323,"[[[0.0, 47.0], [9.0, 47.0], [9.0, 52.0], [0.0, 52.0], [0.0, 47.0]]]",-30.0,640.0
113324,"[[[0.0, 47.0], [9.0, 47.0], [9.0, 52.0], [0.0, 52.0], [0.0, 47.0]]]",-30.0,640.0
113325,"[[[0.0, 47.0], [9.0, 47.0], [9.0, 52.0], [0.0, 52.0], [0.0, 47.0]]]",-30.0,640.0
113326,"[[[0.0, 47.0], [9.0, 47.0], [9.0, 52.0], [0.0, 52.0], [0.0, 47.0]]]",-30.0,640.0
113327,"[[[0.0, 47.0], [9.0, 47.0], [9.0, 52.0], [0.0, 52.0], [0.0, 47.0]]]",-30.0,640.0
113328,"[[[0.0, 47.0], [9.0, 47.0], [9.0, 52.0], [0.0, 52.0], [0.0, 47.0]]]",-30.0,640.0
113329,"[[[0.0, 47.0], [9.0, 47.0], [9.0, 52.0], [0.0, 52.0], [0.0, 47.0]]]",-30.0,640.0
113330,"[[[0.0, 47.0], [9.0, 47.0], [9.0, 52.0], [0.0, 52.0], [0.0, 47.0]]]",-30.0,640.0
113331,"[[[0.0, 47.0], [9.0, 47.0], [9.0, 52.0], [0.0, 52.0], [0.0, 47.0]]]",-30.0,640.0
113332,"[[[0.0, 47.0], [9.0, 47.0], [9.0, 52.0], [0.0, 52.0], [0.0, 47.0]]]",-30.0,640.0
113333,"[[[0.0, 47.0], [9.0, 47.0], [9.0, 52.0], [0.0, 52.0], [0.0, 47.0]]]",-30.0,640.0
113334,"[[[0.0, 47.0], [9.0, 47.0], [9.0, 52.0], [0.0, 52.0], [0.0, 47.0]]]",-30.0,640.0
